ID,Title,Content,Excerpt,Date,"Post Type",Permalink,"WPML Translation ID","WPML Language Code","Image URL","Image Title","Image Caption","Image Description","Image Alt Text","Image Featured","Attachment URL","Dictionary Categories",_wp_page_template,Status,"Author ID","Author Username","Author Email","Author First Name","Author Last Name",Slug,Format,Template,Parent,"Parent Slug",Order,"Comment Status","Ping Status","Post Modified Date","Section 1","Section 2","Section 3","Section 4","Section 5","Section 6","Machine Picture",Machine,"Work Place",Date,Purpose,Feedback,Comment,"Short Content",URL,Category,Picture,"PDF File",Contact,"Header sub title",Menu,Footer,"Background for custom post type"
4858,"AC (Alternating Current Electricity) ไฟฟ้ากระแสสลับ","หมายถึงกระแสที่มีทิศทางไปและกลับตลอดระยะเวลา มีการสลับขั้วบวกและลบกันอยู่ตลอดเวลา",,"2023-01-21 09:55:56",dictionary,https://token-thailand.unddev.net/dict/ac-alternating-current-electricity/,,,,,,,,,,General,default,publish,4,token,contact@tas-c.com,Token,Thailand,ac-alternating-current-electricity,,default,0,0,0,open,open,"2023-01-21 09:55:56",,,,,,,,,,,,,,,,,,,,,,,
4859,"AC DC converter ตัวแปลงกระแสไฟฟ้า (กระแสสลับเป็นกระแสตรง)",เพื่อแปลงรูปคลื่นกระแสสลับเปลี่ยนจากขนาดเฉพาะและความถี่เฉพาะเป้นรูปคลื่นกระแสสลับที่มีขนาดและความถี่แตกต่างกัน,,"2023-01-21 09:55:56",dictionary,https://token-thailand.unddev.net/dict/ac-dc-converter/,,,,,,,,,,General,default,publish,4,token,contact@tas-c.com,Token,Thailand,ac-dc-converter,,default,0,0,0,open,open,"2023-01-21 09:55:56",,,,,,,,,,,,,,,,,,,,,,,
4860,"Accelerator รอบเครื่องยนต์","เวลาใช้งานรถกระเช้าต้องใช้เครื่องยนต์ การเร่งเครื่องยนต์เพือให้ความเร็วรอบสูง",,"2023-01-21 09:55:56",dictionary,https://token-thailand.unddev.net/dict/accelerator/,,,,,,,,,,General,default,publish,4,token,contact@tas-c.com,Token,Thailand,accelerator,,default,0,0,0,open,open,"2023-01-21 09:55:56",,,,,,,,,,,,,,,,,,,,,,,
4861,"Aerial Work Platform รถกระเช้า (รถลิฟท์กระเช้า)","กระเช้าทำงานที่สูง รถกระเช้าทั่วไป,บูมลิฟท,กรรไกร,Sky Master,Spider Lift,Man Lift",,"2023-01-21 09:55:56",dictionary,https://token-thailand.unddev.net/dict/aerial-work-platform/,,,,,,,,,,"Boom Lift",default,publish,4,token,contact@tas-c.com,Token,Thailand,aerial-work-platform,,default,0,0,0,open,open,"2023-01-21 09:55:56",,,,,,,,,,,,,,,,,,,,,,,
4862,"Aerial Work Platform (Truck Mounted) รถกระเช้า","รถบรรทุกที่ประกอบตัวกระเช้าด้านบน สามารถวิ่งบนถนนได้",,"2023-01-21 09:55:56",dictionary,https://token-thailand.unddev.net/dict/aerial-work-platform-truck-mounted/,,,,,,,,,,Skymaster,default,publish,4,token,contact@tas-c.com,Token,Thailand,aerial-work-platform-truck-mounted,,default,0,0,0,open,open,"2023-01-21 09:55:56",,,,,,,,,,,,,,,,,,,,,,,
4863,"Alternator เครื่องกำเนิดไฟฟ้ากระแสสลับ",คือเครื่องที่แปลงพลังงานกลเป็นพลังงานไฟฟ้า,,"2023-01-21 09:55:56",dictionary,https://token-thailand.unddev.net/dict/alternator/,,,,,,,,,,General,default,publish,4,token,contact@tas-c.com,Token,Thailand,alternator,,default,0,0,0,open,open,"2023-01-21 09:55:56",,,,,,,,,,,,,,,,,,,,,,,
4864,"Ampere (A) หน่วยของกระแสไฟฟ้า",,,"2023-01-21 09:55:56",dictionary,https://token-thailand.unddev.net/dict/ampere-a/,,,,,,,,,,General,default,publish,4,token,contact@tas-c.com,Token,Thailand,ampere-a,,default,0,0,0,open,open,"2023-01-21 09:55:56",,,,,,,,,,,,,,,,,,,,,,,
4865,"Articulating Boom เป็นรถกระเช้าแบบแขนพับที่สามารถเคลื่อนที่ได้ด้วยตนเอง","โมเดลรุ่น Z ทั้งหมด(Genie)",,"2023-01-21 09:55:56",dictionary,https://token-thailand.unddev.net/dict/articulating-boom/,,,,,,,,,,"Boom Lift",default,publish,4,token,contact@tas-c.com,Token,Thailand,articulating-boom,,default,0,0,0,open,open,"2023-01-21 09:55:56",,,,,,,,,,,,,,,,,,,,,,,
4866,"Assy ชุด",อุปกรณ์หรือสินค้าที่ขายเป็นชุด,,"2023-01-21 09:55:56",dictionary,https://token-thailand.unddev.net/dict/assy/,,,,,,,,,,General,default,publish,4,token,contact@tas-c.com,Token,Thailand,assy,,default,0,0,0,open,open,"2023-01-21 09:55:56",,,,,,,,,,,,,,,,,,,,,,,
4867,"Auxiary Motor มอเตอร์สำรอง","ใช้กรณีฉุกเฉิน สำหรับเก็บขาช้าง เก็บบูมเวลามอเตอร์หลักมีปัญหา",,"2023-01-21 09:55:56",dictionary,https://token-thailand.unddev.net/dict/auxiary-motor/,,,,,,,,,,"Boom Lift",default,publish,4,token,contact@tas-c.com,Token,Thailand,auxiary-motor,,default,0,0,0,open,open,"2023-01-21 09:55:56",,,,,,,,,,,,,,,,,,,,,,,
4868,"Basket ตัวกระเช้า","ตัวกระเช้าอยู่ข้างบน สำหรับให้คนขึ้นไปทำงานที่สูง",,"2023-01-21 09:55:56",dictionary,https://token-thailand.unddev.net/dict/basket/,,,,,,,,,,Skymaster,default,publish,4,token,contact@tas-c.com,Token,Thailand,basket,,default,0,0,0,open,open,"2023-01-21 09:55:56",,,,,,,,,,,,,,,,,,,,,,,
4869,"BCI (Battery Charger Indicator) ตัวแสดงระดับแบตเตอรี่",รถกระเช้าไฟฟ้าจะมีไฟโชว์แสดงว่าแบตเตอรี่เหลือเท่าไหร่,,"2023-01-21 09:55:56",dictionary,https://token-thailand.unddev.net/dict/bci-battery-charger-indicator/,,,,,,,,,,"Boom Lift",default,publish,4,token,contact@tas-c.com,Token,Thailand,bci-battery-charger-indicator,,default,0,0,0,open,open,"2023-01-21 09:55:56",,,,,,,,,,,,,,,,,,,,,,,
4870,"Bolt น๊อต","ใช้สำหรับขัน ยึด อุปกรณ์",,"2023-01-21 09:55:56",dictionary,https://token-thailand.unddev.net/dict/bolt/,,,,,,,,,,General,default,publish,4,token,contact@tas-c.com,Token,Thailand,bolt,,default,0,0,0,open,open,"2023-01-21 09:55:56",,,,,,,,,,,,,,,,,,,,,,,
4871,"Boom บูม",บูมที่ยกขึ้นหรือหดได้,,"2023-01-21 09:55:56",dictionary,https://token-thailand.unddev.net/dict/boom/,,,,,,,,,,"Boom Lift",default,publish,4,token,contact@tas-c.com,Token,Thailand,boom,,default,0,0,0,open,open,"2023-01-21 09:55:56",,,,,,,,,,,,,,,,,,,,,,,
4872,"Boom Angle Sensor อุปกรณ์ตรวจสอบองศาของบูม",รถกระเช้าจะมีเซนเซอร์เพื่อคิดองศาของบูมเวลาทำงาน,,"2023-01-21 09:55:56",dictionary,https://token-thailand.unddev.net/dict/boom-angle-sensor/,,,,,,,,,,"Boom Lift",default,publish,4,token,contact@tas-c.com,Token,Thailand,boom-angle-sensor,,default,0,0,0,open,open,"2023-01-21 09:55:56",,,,,,,,,,,,,,,,,,,,,,,
4873,"Boom Elevation ยกบูมขึ้น",,,"2023-01-21 09:55:56",dictionary,https://token-thailand.unddev.net/dict/boom-elevation/,,,,,,,,,,"Boom Lift",default,publish,4,token,contact@tas-c.com,Token,Thailand,boom-elevation,,default,0,0,0,open,open,"2023-01-21 09:55:56",,,,,,,,,,,,,,,,,,,,,,,
4874,"Boom Length Sensor อุปกรณ์ตรวจสอความยาวของบูม",รถกระเช้ามีระบบเซฟตี้วัดเมื่อเวลายืดบูมหดบูม,,"2023-01-21 09:55:56",dictionary,https://token-thailand.unddev.net/dict/boom-length-sensor/,,,,,,,,,,"Boom Lift",default,publish,4,token,contact@tas-c.com,Token,Thailand,boom-length-sensor,,default,0,0,0,open,open,"2023-01-21 09:55:56",,,,,,,,,,,,,,,,,,,,,,,
4875,"Boom Lift บูมลิฟท์","รถกระเช้าที่เหมาะสำหรับการทำงานที่มีระยะเอื้อม สามารถขับเคลื่อนได้ด้วยตัวเอง",,"2023-01-21 09:55:56",dictionary,https://token-thailand.unddev.net/dict/boom-lift/,,,,,,,,,,"Boom Lift",default,publish,4,token,contact@tas-c.com,Token,Thailand,boom-lift,,default,0,0,0,open,open,"2023-01-21 09:55:56",,,,,,,,,,,,,,,,,,,,,,,
4876,"Boom Rotation การหมุนของบูม","บูมสามารถหมุนได้ 360องศา",,"2023-01-21 09:55:56",dictionary,https://token-thailand.unddev.net/dict/boom-rotation/,,,,,,,,,,"Boom Lift",default,publish,4,token,contact@tas-c.com,Token,Thailand,boom-rotation,,default,0,0,0,open,open,"2023-01-21 09:55:56",,,,,,,,,,,,,,,,,,,,,,,
4877,"Boom Telescopic รถกระเช้าแขนบูมตรง","รถกระเช้าที่สามารถยืดบูมตรงได้อย่างเดียว แต่ถ้ามีสิ่งของขสางอยู่ไม่สามารถทำงานได้",,"2023-01-21 09:55:56",dictionary,https://token-thailand.unddev.net/dict/boom-telescopic/,,,,,,,,,,"Boom Lift",default,publish,4,token,contact@tas-c.com,Token,Thailand,boom-telescopic,,default,0,0,0,open,open,"2023-01-21 09:55:56",,,,,,,,,,,,,,,,,,,,,,,
4878,"Bracket โลหะฉาก",สำหรับติดตั้งเพื่อรับรองผยุงหรือค้ำยัน,,"2023-01-21 09:58:15",dictionary,https://token-thailand.unddev.net/dict/bracket/,,,,,,,,,,"Boom Lift",default,publish,4,token,contact@tas-c.com,Token,Thailand,bracket,,default,0,0,0,open,open,"2023-01-21 09:58:15",,,,,,,,,,,,,,,,,,,,,,,
4879,"Brush Motor มอเตอร์ แปรงถ่าน","ถ้าไม่มีแปรงถ่านมอเตอร์จะไม่ทำงาน และถ้าตัวทุ่นไม่เท่ากันแปรงถ่านก็จะไม่ทำงาน",,"2023-01-21 09:58:15",dictionary,https://token-thailand.unddev.net/dict/brush-motor/,,,,,,,,,,"Boom Lift",default,publish,4,token,contact@tas-c.com,Token,Thailand,brush-motor,,default,0,0,0,open,open,"2023-01-21 09:58:15",,,,,,,,,,,,,,,,,,,,,,,
4880,"Calibrate การสอบเทียบเครื่องมือวัด",การวัดค่าเครื่องมือที่ใช้งานให้มีมาตรฐาน,,"2023-01-21 09:58:15",dictionary,https://token-thailand.unddev.net/dict/calibrate/,,,,,,,,,,"Boom Lift",default,publish,4,token,contact@tas-c.com,Token,Thailand,calibrate,,default,0,0,0,open,open,"2023-01-21 09:58:15",,,,,,,,,,,,,,,,,,,,,,,
4881,"Check Valve วาล์วกันย้อนกลับ","คืออุปกรณ์ในระบบการไหล ทำหน้าที่ควบคุมให้น้ำไหลไปในทิศทางเดียว ป้องกันไม่ให้น้ำมันไหลย้อนกลับเมื่อปั๊มน้ำหยุดทำงาน ใช้ติดตั้งคู่กับปั๊มน้ำ เพื่อป้องกันไม่ให้น้ำไหลย้อนกลับเข้าตัวปั๊มเมื่อไม่มีการเปิดใช้น้ำ",,"2023-01-21 09:58:15",dictionary,https://token-thailand.unddev.net/dict/check-valve/,,,,,,,,,,"Boom Lift",default,publish,4,token,contact@tas-c.com,Token,Thailand,check-valve,,default,0,0,0,open,open,"2023-01-21 09:58:15",,,,,,,,,,,,,,,,,,,,,,,
4882,"Connector ตัวเชื่อม","เป็นลักษณะตัวเชื่อมต่อระหว่างสายตัวผู้กับตัวเมีย ปลั๊กตัวผู้มาเสียบต่อ โดยจำนวนรูเท่ากับขาของปลั๊กตัวคู่กัน",,"2023-01-21 09:58:15",dictionary,https://token-thailand.unddev.net/dict/connector/,,,,,,,,,,General,default,publish,4,token,contact@tas-c.com,Token,Thailand,connector,,default,0,0,0,open,open,"2023-01-21 09:58:15",,,,,,,,,,,,,,,,,,,,,,,
4883,"Contactor Drive คอนแท็คขับเคลื่อน","ตัวควบคุมมอเตอร์ ไดรฟ์ ให้ขยับ เลี้ยวได้",,"2023-01-21 09:58:15",dictionary,https://token-thailand.unddev.net/dict/contactor-drive/,,,,,,,,,,"Boom Lift",default,publish,4,token,contact@tas-c.com,Token,Thailand,contactor-drive,,default,0,0,0,open,open,"2023-01-21 09:58:15",,,,,,,,,,,,,,,,,,,,,,,
4884,"Counter Balance Valve วาล์วป้องกันลิฟท์ไหล",,,"2023-01-21 09:58:15",dictionary,https://token-thailand.unddev.net/dict/counter-balance-valve/,,,,,,,,,,General,default,publish,4,token,contact@tas-c.com,Token,Thailand,counter-balance-valve,,default,0,0,0,open,open,"2023-01-21 09:58:15",,,,,,,,,,,,,,,,,,,,,,,
4885,"CPU Board",เมนบอร์ด,,"2023-01-21 09:58:15",dictionary,https://token-thailand.unddev.net/dict/cpu-board/,,,,,,,,,,General,default,publish,4,token,contact@tas-c.com,Token,Thailand,cpu-board,,default,0,0,0,open,open,"2023-01-21 09:58:15",,,,,,,,,,,,,,,,,,,,,,,
4886,"Creep Switch อุปกรณ์ปรับความเร็ว",ตัวปรับความเร็วแขนบูม,,"2023-01-21 09:58:15",dictionary,https://token-thailand.unddev.net/dict/creep-switch/,,,,,,,,,,General,default,publish,4,token,contact@tas-c.com,Token,Thailand,creep-switch,,default,0,0,0,open,open,"2023-01-21 09:58:15",,,,,,,,,,,,,,,,,,,,,,,
4887,"Cylinder กระบอกไฮดรอลิค",,,"2023-01-21 09:58:15",dictionary,https://token-thailand.unddev.net/dict/cylinder/,,,,,,,,,,General,default,publish,4,token,contact@tas-c.com,Token,Thailand,cylinder,,default,0,0,0,open,open,"2023-01-21 09:58:15",,,,,,,,,,,,,,,,,,,,,,,
4888,"DC (Direct Current) กระแสตรง","ที่ไฟฟ้าจะไหลไปในทิศทางเดียวและไม่ไหลกลับ เช่น ไฟฟ้าที่ได้จากถ่านไฟฉาย แบตเตอรี่ของรถยนต์ เป็นต้น",,"2023-01-21 09:58:19",dictionary,https://token-thailand.unddev.net/dict/dc-direct-current/,,,,,,,,,,General,default,publish,4,token,contact@tas-c.com,Token,Thailand,dc-direct-current,,default,0,0,0,open,open,"2023-01-21 09:58:19",,,,,,,,,,,,,,,,,,,,,,,
4889,"Decale การกำหนด (ตัวสติกเกอร์)",การกำหนดทิศทางของโปรแกรมหรือคำสั่ง,,"2023-01-21 09:58:19",dictionary,https://token-thailand.unddev.net/dict/decale/,,,,,,,,,,General,default,publish,4,token,contact@tas-c.com,Token,Thailand,decale,,default,0,0,0,open,open,"2023-01-21 09:58:19",,,,,,,,,,,,,,,,,,,,,,,
4890,"Diameter เส้นผ่าศูนย์กลาง",เส้นผ่าศูนย์กลางของเฟืองล้อ,,"2023-01-21 09:58:19",dictionary,https://token-thailand.unddev.net/dict/diameter/,,,,,,,,,,General,default,publish,4,token,contact@tas-c.com,Token,Thailand,diameter,,default,0,0,0,open,open,"2023-01-21 09:58:19",,,,,,,,,,,,,,,,,,,,,,,
4891,"Diode หลอดอิเล็กตรอน (ไดโอด)","อุปกรณ์ทางอิเล็กทรอนิกส์ซึ่งมีขั้วไฟฟ้า 2 ขั้นยอมให้กระแสไหลผ่านได้ทางเดียวใช้เป็นเครื่องแปลงไฟฟ้ากระแสสลับให้เป็นไฟฟ้ากระแสตรง โดยมีหลายชนิด",,"2023-01-21 09:58:19",dictionary,https://token-thailand.unddev.net/dict/diode/,,,,,,,,,,General,default,publish,4,token,contact@tas-c.com,Token,Thailand,diode,,default,0,0,0,open,open,"2023-01-21 09:58:19",,,,,,,,,,,,,,,,,,,,,,,
4892,"Drawing การวาดภาพ",การเขียนแบบ,,"2023-01-21 09:58:19",dictionary,https://token-thailand.unddev.net/dict/drawing/,,,,,,,,,,General,default,publish,4,token,contact@tas-c.com,Token,Thailand,drawing,,default,0,0,0,open,open,"2023-01-21 09:58:19",,,,,,,,,,,,,,,,,,,,,,,
4893,"Drive Motor",มอเตอร์ในการขับเคลื่อนให้รถเดินหน้าถอยหลัง,,"2023-01-21 09:58:19",dictionary,https://token-thailand.unddev.net/dict/drive-motor/,,,,,,,,,,"Boom Lift",default,publish,4,token,contact@tas-c.com,Token,Thailand,drive-motor,,default,0,0,0,open,open,"2023-01-21 09:58:19",,,,,,,,,,,,,,,,,,,,,,,
4894,"Electric Cable สายไฟ",,,"2023-01-21 09:58:19",dictionary,https://token-thailand.unddev.net/dict/electric-cable/,,,,,,,,,,General,default,publish,4,token,contact@tas-c.com,Token,Thailand,electric-cable,,default,0,0,0,open,open,"2023-01-21 09:58:19",,,,,,,,,,,,,,,,,,,,,,,
4895,"Electric Circuit วงจรไฟฟ้า","วงจรไฟฟ้า, ตัวนำไฟฟ้าหรือระบบของตัวนำไฟฟ้า  ซึ่งนำมาต่อกันเพื่อให้กระแสไฟฟ้าผ่านได้ ",,"2023-01-21 09:58:19",dictionary,https://token-thailand.unddev.net/dict/electric-circuit/,,,,,,,,,,General,default,publish,4,token,contact@tas-c.com,Token,Thailand,electric-circuit,,default,0,0,0,open,open,"2023-01-21 09:58:19",,,,,,,,,,,,,,,,,,,,,,,
4896,"Element ไส้กรอง",กรองฟิวส์เตอร์,,"2023-01-21 09:58:19",dictionary,https://token-thailand.unddev.net/dict/element/,,,,,,,,,,General,default,publish,4,token,contact@tas-c.com,Token,Thailand,element,,default,0,0,0,open,open,"2023-01-21 09:58:19",,,,,,,,,,,,,,,,,,,,,,,
4897,"Emergency Pump ปั้มฉุกเฉิน",มอเตอร์สำรองที่ใช้สำหรับเก็บบูม,,"2023-01-21 09:58:19",dictionary,https://token-thailand.unddev.net/dict/emergency-pump/,,,,,,,,,,General,default,publish,4,token,contact@tas-c.com,Token,Thailand,emergency-pump,,default,0,0,0,open,open,"2023-01-21 09:58:19",,,,,,,,,,,,,,,,,,,,,,,
4898,"Emergenecy Switch สวิทซ์ฉุกเฉิน","หากมีเหตุฉุกเฉิน ให้ปิดสวิทซ์ทันที (สวิทซ์หัวสีแดง)",,"2023-01-21 09:58:23",dictionary,https://token-thailand.unddev.net/dict/emergenecy-switch/,,,,,,,,,,General,default,publish,4,token,contact@tas-c.com,Token,Thailand,emergenecy-switch,,default,0,0,0,open,open,"2023-01-21 09:58:23",,,,,,,,,,,,,,,,,,,,,,,
4899,"Engine Oil 15W40 น้ำมันเครื่อง",ใช้กับรถกระเช้ากับบูมที่เป็นรุ่นเครื่องยนต์ดีเซลเท่านั้น,,"2023-01-21 09:58:23",dictionary,https://token-thailand.unddev.net/dict/engine-oil-15w40/,,,,,,,,,,General,default,publish,4,token,contact@tas-c.com,Token,Thailand,engine-oil-15w40,,default,0,0,0,open,open,"2023-01-21 09:58:23",,,,,,,,,,,,,,,,,,,,,,,
4900,"Extend boom บูมชุดยืด",ยืดบูม,,"2023-01-21 09:58:23",dictionary,https://token-thailand.unddev.net/dict/extend-boom/,,,,,,,,,,General,default,publish,4,token,contact@tas-c.com,Token,Thailand,extend-boom,,default,0,0,0,open,open,"2023-01-21 09:58:23",,,,,,,,,,,,,,,,,,,,,,,
4901,"Filter ตัวกรอง",ไส้กรอง,,"2023-01-21 09:58:23",dictionary,https://token-thailand.unddev.net/dict/filter/,,,,,,,,,,General,default,publish,4,token,contact@tas-c.com,Token,Thailand,filter,,default,0,0,0,open,open,"2023-01-21 09:58:23",,,,,,,,,,,,,,,,,,,,,,,
4902,"Fitting ฟิตติ้ง",ข้อต่อสายไฮโดรลิค,,"2023-01-21 09:58:23",dictionary,https://token-thailand.unddev.net/dict/fitting/,,,,,,,,,,General,default,publish,4,token,contact@tas-c.com,Token,Thailand,fitting,,default,0,0,0,open,open,"2023-01-21 09:58:23",,,,,,,,,,,,,,,,,,,,,,,
4903,Foot,"1ฟุต = 30.48ซม. เป็นที่นิยทสำหรับคนอเมริกา",,"2023-01-21 09:58:23",dictionary,https://token-thailand.unddev.net/dict/foot/,,,,,,,,,,"Boom &amp; Scissors",default,publish,4,token,contact@tas-c.com,Token,Thailand,foot,,default,0,0,0,open,open,"2023-01-21 09:58:23",,,,,,,,,,,,,,,,,,,,,,,
4904,"Foot Switch ฟุตสวิทย์","รถกระเช้ามีระบบเซฟตี้ เวลาใช้งานบังคับให้เหยียบที่ตัวบังคับFoot switch",,"2023-01-21 09:58:23",dictionary,https://token-thailand.unddev.net/dict/foot-switch/,,,,,,,,,,"Boom Lift",default,publish,4,token,contact@tas-c.com,Token,Thailand,foot-switch,,default,0,0,0,open,open,"2023-01-21 09:58:23",,,,,,,,,,,,,,,,,,,,,,,
4905,"Form Tire","บูมลิฟท์มักจะใช้ยางโฟม ยูรีเทน อัดเข้าไปไม่ให้ยางแบน",,"2023-01-21 09:58:23",dictionary,https://token-thailand.unddev.net/dict/form-tire/,,,,,,,,,,"Boom Lift",default,publish,4,token,contact@tas-c.com,Token,Thailand,form-tire,,default,0,0,0,open,open,"2023-01-21 09:58:23",,,,,,,,,,,,,,,,,,,,,,,
4906,"Fuel Filter กรองน้ำมันเบนซิน","กรองน้ำมัน ดักจับเศษผงไม่ให้เข้าตัวเครื่อง",,"2023-01-21 09:58:23",dictionary,https://token-thailand.unddev.net/dict/fuel-filter/,,,,,,,,,,General,default,publish,4,token,contact@tas-c.com,Token,Thailand,fuel-filter,,default,0,0,0,open,open,"2023-01-21 09:58:23",,,,,,,,,,,,,,,,,,,,,,,
4907,"Fuel Pump (AC Pump) ปั้มAC",,,"2023-01-21 09:58:23",dictionary,https://token-thailand.unddev.net/dict/fuel-pump-ac-pump/,,,,,,,,,,General,default,publish,4,token,contact@tas-c.com,Token,Thailand,fuel-pump-ac-pump,,default,0,0,0,open,open,"2023-01-21 09:58:23",,,,,,,,,,,,,,,,,,,,,,,
4908,"Function Motor มอเตอร์ฟังก์ชั่น",ตัวปั่นปั้มน้ำมันไฮโดรลิคฟังก์ชั่น,,"2023-01-21 09:58:27",dictionary,https://token-thailand.unddev.net/dict/function-motor/,,,,,,,,,,"Boom &amp; Scissors",default,publish,4,token,contact@tas-c.com,Token,Thailand,function-motor,,default,0,0,0,open,open,"2023-01-21 09:58:27",,,,,,,,,,,,,,,,,,,,,,,
4909,"Fuse ฟิวส์",อุปกรณ์ไฟฟ้าชนิดหนึ่งทำด้วยโลหะที่มีจุดหลอมเหลวต่ำ,,"2023-01-21 09:58:27",dictionary,https://token-thailand.unddev.net/dict/fuse/,,,,,,,,,,General,default,publish,4,token,contact@tas-c.com,Token,Thailand,fuse,,default,0,0,0,open,open,"2023-01-21 09:58:27",,,,,,,,,,,,,,,,,,,,,,,
4910,"G Con กล่องคอนโทรลด้านล่าง","ตัวกรรไกรของจีนี่สามารถบังคับข้างบน,ข้างล่างได้ ข้างบนเรียก P Con ข้างล่างเรียก G Con",,"2023-01-21 09:58:27",dictionary,https://token-thailand.unddev.net/dict/g-con/,,,,,,,,,,"Scissors Lift",default,publish,4,token,contact@tas-c.com,Token,Thailand,g-con,,default,0,0,0,open,open,"2023-01-21 09:58:27",,,,,,,,,,,,,,,,,,,,,,,
4911,"Gasket วงแหวนอัดลูกสูบ",วงแหวนสำหรับอัดข้อต่อในเครื่องจักร,,"2023-01-21 09:58:27",dictionary,https://token-thailand.unddev.net/dict/gasket/,,,,,,,,,,General,default,publish,4,token,contact@tas-c.com,Token,Thailand,gasket,,default,0,0,0,open,open,"2023-01-21 09:58:27",,,,,,,,,,,,,,,,,,,,,,,
4912,"Gear Oil 80W90 น้ำมันเกียร์",รถกระเช้าส่วนใหญ่ใช้น้ำมันเกียร์รุ่นนี้,,"2023-01-21 09:58:27",dictionary,https://token-thailand.unddev.net/dict/gear-oil-80w90/,,,,,,,,,,General,default,publish,4,token,contact@tas-c.com,Token,Thailand,gear-oil-80w90,,default,0,0,0,open,open,"2023-01-21 09:58:27",,,,,,,,,,,,,,,,,,,,,,,
4913,"Grease จาระบี",ของเหลวที่ใช้หล่อลื่น,,"2023-01-21 09:58:27",dictionary,https://token-thailand.unddev.net/dict/grease/,,,,,,,,,,General,default,publish,4,token,contact@tas-c.com,Token,Thailand,grease,,default,0,0,0,open,open,"2023-01-21 09:58:27",,,,,,,,,,,,,,,,,,,,,,,
4914,"Ground Earth กราวน์",,,"2023-01-21 09:58:27",dictionary,https://token-thailand.unddev.net/dict/ground-earth/,,,,,,,,,,General,default,publish,4,token,contact@tas-c.com,Token,Thailand,ground-earth,,default,0,0,0,open,open,"2023-01-21 09:58:27",,,,,,,,,,,,,,,,,,,,,,,
4915,"Harness สายไฟ",,,"2023-01-21 09:58:27",dictionary,https://token-thailand.unddev.net/dict/harness/,,,,,,,,,,General,default,publish,4,token,contact@tas-c.com,Token,Thailand,harness,,default,0,0,0,open,open,"2023-01-21 09:58:27",,,,,,,,,,,,,,,,,,,,,,,
4916,"Hiab Crane รถเฮี๊ยบ",รถเฮี๊ยบที่ติดตั้งเครน,,"2023-01-21 09:58:27",dictionary,https://token-thailand.unddev.net/dict/hiab-crane/,,,,,,,,,,"Truck Crane",default,publish,4,token,contact@tas-c.com,Token,Thailand,hiab-crane,,default,0,0,0,open,open,"2023-01-21 09:58:27",,,,,,,,,,,,,,,,,,,,,,,
4917,Highrider,"บางเจ้าเรียก Sky MasterหรือHigh Rider คือรถบรรทุกติดกระเช้าลักษณะคล้ายรถของการไฟฟ้า",,"2023-01-21 09:58:27",dictionary,https://token-thailand.unddev.net/dict/highrider/,,,,,,,,,,Skymaster,default,publish,4,token,contact@tas-c.com,Token,Thailand,highrider,,default,0,0,0,open,open,"2023-01-21 09:58:27",,,,,,,,,,,,,,,,,,,,,,,
4918,"Hour Meter มิเตอร์วัดชั่วโมงการทำงาน",มิเตอร์วัดชั่วโมงการทำงานของลิฟท์,,"2023-01-21 09:58:31",dictionary,https://token-thailand.unddev.net/dict/hour-meter/,,,,,,,,,,General,default,publish,4,token,contact@tas-c.com,Token,Thailand,hour-meter,,default,0,0,0,open,open,"2023-01-21 09:58:31",,,,,,,,,,,,,,,,,,,,,,,
4919,"Hydralic Hose สายไฮโดรลิค",,,"2023-01-21 09:58:31",dictionary,https://token-thailand.unddev.net/dict/hydralic-hose/,,,,,,,,,,General,default,publish,4,token,contact@tas-c.com,Token,Thailand,hydralic-hose,,default,0,0,0,open,open,"2023-01-21 09:58:31",,,,,,,,,,,,,,,,,,,,,,,
4920,"Hydraulic Oil 46 น้ำมันไฮโดรลิค","น้ำมันไฮดรอลิคที่ใช้มาตรฐาน 46คือความเหนียว",,"2023-01-21 09:58:31",dictionary,https://token-thailand.unddev.net/dict/hydraulic-oil-46/,,,,,,,,,,General,default,publish,4,token,contact@tas-c.com,Token,Thailand,hydraulic-oil-46,,default,0,0,0,open,open,"2023-01-21 09:58:31",,,,,,,,,,,,,,,,,,,,,,,
4921,"Hydraulic Pump ปั้มไฮโดรลิค",ปั้มที่ติดกับมอเตอร์ฟังก์ชั่น,,"2023-01-21 09:58:31",dictionary,https://token-thailand.unddev.net/dict/hydraulic-pump/,,,,,,,,,,General,default,publish,4,token,contact@tas-c.com,Token,Thailand,hydraulic-pump,,default,0,0,0,open,open,"2023-01-21 09:58:31",,,,,,,,,,,,,,,,,,,,,,,
4922,"Inch นิ้ว",2.54cm/Inch,,"2023-01-21 09:58:31",dictionary,https://token-thailand.unddev.net/dict/inch/,,,,,,,,,,General,default,publish,4,token,contact@tas-c.com,Token,Thailand,inch,,default,0,0,0,open,open,"2023-01-21 09:58:31",,,,,,,,,,,,,,,,,,,,,,,
4923,indicator,ตัวแสดงไฟที่หน้าจอ,,"2023-01-21 09:58:31",dictionary,https://token-thailand.unddev.net/dict/indicator/,,,,,,,,,,General,default,publish,4,token,contact@tas-c.com,Token,Thailand,indicator,,default,0,0,0,open,open,"2023-01-21 09:58:31",,,,,,,,,,,,,,,,,,,,,,,
4924,"Interlock System",ระบบเซฟตี้ที่ป้องกันการชาร์จไปทำงานไป,,"2023-01-21 09:58:31",dictionary,https://token-thailand.unddev.net/dict/interlock-system/,,,,,,,,,,Skymaster,default,publish,4,token,contact@tas-c.com,Token,Thailand,interlock-system,,default,0,0,0,open,open,"2023-01-21 09:58:31",,,,,,,,,,,,,,,,,,,,,,,
4925,"Jack Up",การตั้งขาหยั่ง,,"2023-01-21 09:58:31",dictionary,https://token-thailand.unddev.net/dict/jack-up/,,,,,,,,,,Skymaster,default,publish,4,token,contact@tas-c.com,Token,Thailand,jack-up,,default,0,0,0,open,open,"2023-01-21 09:58:31",,,,,,,,,,,,,,,,,,,,,,,
4926,"Jib จิ๊บ","แขนท่อนที่ติดกับกระเช้าข้อดีคือสามารถเข้าทำงานที่แคบๆได้ บางรุ่นสามารถขึ้นลง ซ้ายขวาได้",,"2023-01-21 09:58:31",dictionary,https://token-thailand.unddev.net/dict/jib/,,,,,,,,,,"Boom Lift",default,publish,4,token,contact@tas-c.com,Token,Thailand,jib,,default,0,0,0,open,open,"2023-01-21 09:58:31",,,,,,,,,,,,,,,,,,,,,,,
4927,"JLG Hand Held Analyzer",เวลาบูมลิฟท์มีปัญหาสามารถเสียบสายเช็คได้ว่ามีปัญหาตรงจุดไหน,,"2023-01-21 09:58:31",dictionary,https://token-thailand.unddev.net/dict/jlg-hand-held-analyzer/,,,,,,,,,,"Boom Lift",default,publish,4,token,contact@tas-c.com,Token,Thailand,jlg-hand-held-analyzer,,default,0,0,0,open,open,"2023-01-21 09:58:31",,,,,,,,,,,,,,,,,,,,,,,
4928,"Joystick จอยบังคับการทำงาน",ที่บังคับการขับเคลื่อนกับเลี้ยว,,"2023-01-21 09:58:35",dictionary,https://token-thailand.unddev.net/dict/joystick/,,,,,,,,,,General,default,publish,4,token,contact@tas-c.com,Token,Thailand,joystick,,default,0,0,0,open,open,"2023-01-21 09:58:35",,,,,,,,,,,,,,,,,,,,,,,
4929,"Lbs (Pound) กิโลกรัม/ปอนด์",0.45kg/lbs,,"2023-01-21 09:58:35",dictionary,https://token-thailand.unddev.net/dict/lbs-pound/,,,,,,,,,,General,default,publish,4,token,contact@tas-c.com,Token,Thailand,lbs-pound,,default,0,0,0,open,open,"2023-01-21 09:58:35",,,,,,,,,,,,,,,,,,,,,,,
4930,"Leveling Cylinder กระบอกไฮดรอลิคตัวปรับบาลานซ์","การปรับตัวกระเช้าบูมลิฟท์ข้างบน,ข้างล่างมี2ตัว ให้กระเช้าบาลานซ์กัน",,"2023-01-21 09:58:35",dictionary,https://token-thailand.unddev.net/dict/leveling-cylinder/,,,,,,,,,,General,default,publish,4,token,contact@tas-c.com,Token,Thailand,leveling-cylinder,,default,0,0,0,open,open,"2023-01-21 09:58:35",,,,,,,,,,,,,,,,,,,,,,,
4931,"Limit Switch ลิมิตสวิตช์", เป็นสวิตช์ที่จำกัดระยะการทำงาน,,"2023-01-21 09:58:35",dictionary,https://token-thailand.unddev.net/dict/limit-switch/,,,,,,,,,,General,default,publish,4,token,contact@tas-c.com,Token,Thailand,limit-switch,,default,0,0,0,open,open,"2023-01-21 09:58:35",,,,,,,,,,,,,,,,,,,,,,,
4932,"Manifold ชุดควบคุมระบบไฮโดรลิค",จะเป็นบล็อคจ่ายน้ำมันแต่ละฟังก์ชั่นไฮดรอลิค,,"2023-01-21 09:58:35",dictionary,https://token-thailand.unddev.net/dict/manifold/,,,,,,,,,,"Boom &amp; Scissors",default,publish,4,token,contact@tas-c.com,Token,Thailand,manifold,,default,0,0,0,open,open,"2023-01-21 09:58:35",,,,,,,,,,,,,,,,,,,,,,,
4933,"Motor Controller กล่องควบคุมมอเตอร์ขับเคลื่อน","ควบคุมมอเตอร์ขับเคลื่อน เป็นเครื่องที่ปล่อยกราวน์,ปล่อยไฟ หน้าที่จะขับเคลื่อนมากกว่า",,"2023-01-21 09:58:35",dictionary,https://token-thailand.unddev.net/dict/motor-controller/,,,,,,,,,,"Boom &amp; Scissors",default,publish,4,token,contact@tas-c.com,Token,Thailand,motor-controller,,default,0,0,0,open,open,"2023-01-21 09:58:35",,,,,,,,,,,,,,,,,,,,,,,
4934,"Non-Marking Tire ล้อไม่ทิ้งรอย","ล้อที่ไม่มีรอยเวลาวิ่ง จะมีแค่ฝุ่น",,"2023-01-21 09:58:35",dictionary,https://token-thailand.unddev.net/dict/non-marking-tire/,,,,,,,,,,"Boom &amp; Scissors",default,publish,4,token,contact@tas-c.com,Token,Thailand,non-marking-tire,,default,0,0,0,open,open,"2023-01-21 09:58:35",,,,,,,,,,,,,,,,,,,,,,,
4935,Nut,"คนส่วนใหญ่เรียกทั้งหมดว่าน๊อต แต่ที่จริงน๊อตคือแหวนกลมๆ จะมีน๊อตตัวผู้ตัวเมีย",,"2023-01-21 09:58:35",dictionary,https://token-thailand.unddev.net/dict/nut/,,,,,,,,,,General,default,publish,4,token,contact@tas-c.com,Token,Thailand,nut,,default,0,0,0,open,open,"2023-01-21 09:58:35",,,,,,,,,,,,,,,,,,,,,,,
4936,"O Ring โอริง","วัสดุที่มีพื้นที่หน้าตัดเป็นรูปวงกลม และมีรูปทรงเป็นวงกลมด้วยเช่นกัน ผลิตมาจากวัสดุที่มีคุณสมบัติยีดยุ่นได้ ",,"2023-01-21 09:58:35",dictionary,https://token-thailand.unddev.net/dict/o-ring/,,,,,,,,,,General,default,publish,4,token,contact@tas-c.com,Token,Thailand,o-ring,,default,0,0,0,open,open,"2023-01-21 09:58:35",,,,,,,,,,,,,,,,,,,,,,,
4937,"Ohm (Ω) ความต้านทานไฟฟ้า","หน่วยวัดความต้านทาน ความต้านทาน 1 โอห์ม คือ ความต้านทานระหว่างจุด 2 จุดบนตัวนำ ซึ่งเมื่อจุดคู่นี้มีความต่างศักย์ไฟฟ้า 1 โวลต์แล้ว จะทำให้มีกระแสไฟฟ้าไหลผ่านได้ 1 แอมแปร์",,"2023-01-21 09:58:35",dictionary,https://token-thailand.unddev.net/dict/ohm-%cf%89/,,,,,,,,,,General,default,publish,4,token,contact@tas-c.com,Token,Thailand,ohm-%cf%89,,default,0,0,0,open,open,"2023-01-21 09:58:35",,,,,,,,,,,,,,,,,,,,,,,
4938,"Outrigger ขาหยั่ง","ขาหยั่ง/ขาค้ำสำหรับลิฟท์กระเช้ารุ่น AWP GS-3232 Z-80 S-85 GS-5390",,"2023-01-21 09:58:39",dictionary,https://token-thailand.unddev.net/dict/outrigger/,,,,,,,,,,Skymaster,default,publish,4,token,contact@tas-c.com,Token,Thailand,outrigger,,default,0,0,0,open,open,"2023-01-21 09:58:39",,,,,,,,,,,,,,,,,,,,,,,
4939,"P Con กล่องคอนโทรลด้านบน","ตัวกรรไกรของจีนี่สามารถบังคับข้างบน,ข้างล่างได้ ข้างบนเรียก P Con ข้างล่างเรียก G Con",,"2023-01-21 09:58:39",dictionary,https://token-thailand.unddev.net/dict/p-con/,,,,,,,,,,"Boom &amp; Scissors",default,publish,4,token,contact@tas-c.com,Token,Thailand,p-con,,default,0,0,0,open,open,"2023-01-21 09:58:39",,,,,,,,,,,,,,,,,,,,,,,
4940,"Platform ตัวกระเช้า",,,"2023-01-21 09:58:39",dictionary,https://token-thailand.unddev.net/dict/platform/,,,,,,,,,,"Boom &amp; Scissors",default,publish,4,token,contact@tas-c.com,Token,Thailand,platform,,default,0,0,0,open,open,"2023-01-21 09:58:39",,,,,,,,,,,,,,,,,,,,,,,
4941,"Platform Height ความสูง",ความสูงจากพื้นดินถึงพื้นกระเช้า,,"2023-01-21 09:58:39",dictionary,https://token-thailand.unddev.net/dict/platform-height/,,,,,,,,,,"Boom &amp; Scissors",default,publish,4,token,contact@tas-c.com,Token,Thailand,platform-height,,default,0,0,0,open,open,"2023-01-21 09:58:39",,,,,,,,,,,,,,,,,,,,,,,
4942,"Platform Load Sensor เซ็นเซอร์ที่ชั่งน้ำหนัก","รถกระเช้าปกติรับน้ำหนักได้ 200-227 กก. ถ้าเกินจะไม่ให้ยกกระเช้า",,"2023-01-21 09:58:39",dictionary,https://token-thailand.unddev.net/dict/platform-load-sensor/,,,,,,,,,,"Boom &amp; Scissors",default,publish,4,token,contact@tas-c.com,Token,Thailand,platform-load-sensor,,default,0,0,0,open,open,"2023-01-21 09:58:39",,,,,,,,,,,,,,,,,,,,,,,
4943,"Platform Rotation หมุนกระเช้า",ควบคุมการสวิงกระเช้า,,"2023-01-21 09:58:39",dictionary,https://token-thailand.unddev.net/dict/platform-rotation/,,,,,,,,,,"Boom Lift",default,publish,4,token,contact@tas-c.com,Token,Thailand,platform-rotation,,default,0,0,0,open,open,"2023-01-21 09:58:39",,,,,,,,,,,,,,,,,,,,,,,
4944,"Power Pack","เครื่องให้กำลังกระแสไฟฟ้า เช่น หม้อแบตเตอรี่ที่ใช้ในรถยนต์",,"2023-01-21 09:58:39",dictionary,https://token-thailand.unddev.net/dict/power-pack/,,,,,,,,,,"Boom &amp; Scissors",default,publish,4,token,contact@tas-c.com,Token,Thailand,power-pack,,default,0,0,0,open,open,"2023-01-21 09:58:39",,,,,,,,,,,,,,,,,,,,,,,
4945,"Pressure Switch สวิทซ์แรงดัน",ทำหน้าที่เปิดระบบเบรค,,"2023-01-21 09:58:39",dictionary,https://token-thailand.unddev.net/dict/pressure-switch/,,,,,,,,,,"Boom Lift",default,publish,4,token,contact@tas-c.com,Token,Thailand,pressure-switch,,default,0,0,0,open,open,"2023-01-21 09:58:39",,,,,,,,,,,,,,,,,,,,,,,
4946,"Primary Boom","แขนบูมท่อนที่ 1",,"2023-01-21 09:58:39",dictionary,https://token-thailand.unddev.net/dict/primary-boom/,,,,,,,,,,"Boom Lift",default,publish,4,token,contact@tas-c.com,Token,Thailand,primary-boom,,default,0,0,0,open,open,"2023-01-21 09:58:39",,,,,,,,,,,,,,,,,,,,,,,
4947,"PTO (Power Take Off) ระบบขับเคลื่อนเครื่องยนต์",ระบบในการแปลงแรงจากเครื่องยนต์ของรถบรรทุกเพื่อใช้กับวัตถุประสงค์อื่นนอกจากขับเคลื่อนรถ,,"2023-01-21 09:58:39",dictionary,https://token-thailand.unddev.net/dict/pto-power-take-off/,,,,,,,,,,Skymaster,default,publish,4,token,contact@tas-c.com,Token,Thailand,pto-power-take-off,,default,0,0,0,open,open,"2023-01-21 09:58:39",,,,,,,,,,,,,,,,,,,,,,,
4948,"Pump ปั้ม",ตัวปั่นน้ำมัน,,"2023-01-21 09:58:43",dictionary,https://token-thailand.unddev.net/dict/pump/,,,,,,,,,,General,default,publish,4,token,contact@tas-c.com,Token,Thailand,pump,,default,0,0,0,open,open,"2023-01-21 09:58:43",,,,,,,,,,,,,,,,,,,,,,,
4949,"Relay รีเลย์",หน้าสัมผัสไฟฟ้า,,"2023-01-21 09:58:43",dictionary,https://token-thailand.unddev.net/dict/relay/,,,,,,,,,,General,default,publish,4,token,contact@tas-c.com,Token,Thailand,relay,,default,0,0,0,open,open,"2023-01-21 09:58:43",,,,,,,,,,,,,,,,,,,,,,,
4950,"Relief Valve วาล์วระบายความดัน",ตัวเช็ควาล์ระบบย้อนกลับ,,"2023-01-21 09:58:43",dictionary,https://token-thailand.unddev.net/dict/relief-valve/,,,,,,,,,,"Boom &amp; Scissors",default,publish,4,token,contact@tas-c.com,Token,Thailand,relief-valve,,default,0,0,0,open,open,"2023-01-21 09:58:43",,,,,,,,,,,,,,,,,,,,,,,
4951,"Retract boom",หดบูม,,"2023-01-21 09:58:43",dictionary,https://token-thailand.unddev.net/dict/retract-boom/,,,,,,,,,,"Boom Lift",default,publish,4,token,contact@tas-c.com,Token,Thailand,retract-boom,,default,0,0,0,open,open,"2023-01-21 09:58:43",,,,,,,,,,,,,,,,,,,,,,,
4952,"Rotation หมุน",,,"2023-01-21 09:58:43",dictionary,https://token-thailand.unddev.net/dict/rotation/,,,,,,,,,,"Boom Lift",default,publish,4,token,contact@tas-c.com,Token,Thailand,rotation,,default,0,0,0,open,open,"2023-01-21 09:58:43",,,,,,,,,,,,,,,,,,,,,,,
4953,"Rotator Platform","ระบบไฮดรอลิคที่สามารถหมุนกระเช้าได้ จะมี2อย่าง",,"2023-01-21 09:58:43",dictionary,https://token-thailand.unddev.net/dict/rotator-platform/,,,,,,,,,,"Boom Lift",default,publish,4,token,contact@tas-c.com,Token,Thailand,rotator-platform,,default,0,0,0,open,open,"2023-01-21 09:58:43",,,,,,,,,,,,,,,,,,,,,,,
4954,"Rotator Turntable สวิงบูม","ที่บูมหมุนได้360องศา ที่อยู่ด้านล่าง",,"2023-01-21 09:58:43",dictionary,https://token-thailand.unddev.net/dict/rotator-turntable/,,,,,,,,,,"Boom Lift",default,publish,4,token,contact@tas-c.com,Token,Thailand,rotator-turntable,,default,0,0,0,open,open,"2023-01-21 09:58:43",,,,,,,,,,,,,,,,,,,,,,,
4955,"Scissors Lift ลิฟท์กระเช้าแบบขากรรไกร",รถที่สามารถทำงานขึ้น-ลงอย่างเดียว,,"2023-01-21 09:58:43",dictionary,https://token-thailand.unddev.net/dict/scissors-lift/,,,,,,,,,,"Scissors Lift",default,publish,4,token,contact@tas-c.com,Token,Thailand,scissors-lift,,default,0,0,0,open,open,"2023-01-21 09:58:43",,,,,,,,,,,,,,,,,,,,,,,
4956,"Screw สกรู","สิ่งที่เป็นเกลียว, สลักเกลียว",,"2023-01-21 09:58:43",dictionary,https://token-thailand.unddev.net/dict/screw/,,,,,,,,,,General,default,publish,4,token,contact@tas-c.com,Token,Thailand,screw,,default,0,0,0,open,open,"2023-01-21 09:58:43",,,,,,,,,,,,,,,,,,,,,,,
4957,"Seal ซีล",ยางกันน้ำมันรั่ว,,"2023-01-21 09:58:43",dictionary,https://token-thailand.unddev.net/dict/seal/,,,,,,,,,,General,default,publish,4,token,contact@tas-c.com,Token,Thailand,seal,,default,0,0,0,open,open,"2023-01-21 09:58:43",,,,,,,,,,,,,,,,,,,,,,,
4958,"Secondary Boom",แขนบูมท่อนที่2,,"2023-01-21 09:58:46",dictionary,https://token-thailand.unddev.net/dict/secondary-boom/,,,,,,,,,,"Boom Lift",default,publish,4,token,contact@tas-c.com,Token,Thailand,secondary-boom,,default,0,0,0,open,open,"2023-01-21 09:58:46",,,,,,,,,,,,,,,,,,,,,,,
4959,Skyboy,"ผู้ผลิตเคนรถกระเช้าของญี่ปุ่น Tadano เรียกรุ่นรถว่า Skyboy",,"2023-01-21 09:58:46",dictionary,https://token-thailand.unddev.net/dict/skyboy/,,,,,,,,,,Skymaster,default,publish,4,token,contact@tas-c.com,Token,Thailand,skyboy,,default,0,0,0,open,open,"2023-01-21 09:58:46",,,,,,,,,,,,,,,,,,,,,,,
4960,Skymaster,"ผู้ผลิตเคนรถกระเช้าของญี่ปุ่น Aichi เรียกรุ่นรถว่า Skymaster",,"2023-01-21 09:58:46",dictionary,https://token-thailand.unddev.net/dict/skymaster/,,,,,,,,,,Skymaster,default,publish,4,token,contact@tas-c.com,Token,Thailand,skymaster,,default,0,0,0,open,open,"2023-01-21 09:58:46",,,,,,,,,,,,,,,,,,,,,,,
4961,"Smart Link","ชื่อระบบคอมพิวเตอร์ของตัวกรรไกร หน้าจอด้านล่าง",,"2023-01-21 09:58:46",dictionary,https://token-thailand.unddev.net/dict/smart-link/,,,,,,,,,,"Scissors Lift",default,publish,4,token,contact@tas-c.com,Token,Thailand,smart-link,,default,0,0,0,open,open,"2023-01-21 09:58:46",,,,,,,,,,,,,,,,,,,,,,,
4962,"Socket เต้าเสียบ","ปลั๊กตัวเมีย, ช่องเสียบ",,"2023-01-21 09:58:46",dictionary,https://token-thailand.unddev.net/dict/socket/,,,,,,,,,,General,default,publish,4,token,contact@tas-c.com,Token,Thailand,socket,,default,0,0,0,open,open,"2023-01-21 09:58:46",,,,,,,,,,,,,,,,,,,,,,,
4963,"Solenoid Valve โซลินอยด์วาล์ว","อุปกรณ์สวิตช์ที่อาศัย หลักการทำงานของแม่เหล็กไฟฟ้าทำงานร่วมกับกลไกโดยใช้การป้อนไฟเป็นตัวกำหนด การทำงานควบคุมให้ลิ้นกลไกปิดหรือเปิดได้",,"2023-01-21 09:58:46",dictionary,https://token-thailand.unddev.net/dict/solenoid-valve/,,,,,,,,,,General,default,publish,4,token,contact@tas-c.com,Token,Thailand,solenoid-valve,,default,0,0,0,open,open,"2023-01-21 09:58:46",,,,,,,,,,,,,,,,,,,,,,,
4964,"Solid Tire ล้อยาง","ล้อยางตัน ส่วนใหญ่ใช้ในรถโฟล์คลิฟท์",,"2023-01-21 09:58:46",dictionary,https://token-thailand.unddev.net/dict/solid-tire/,,,,,,,,,,General,default,publish,4,token,contact@tas-c.com,Token,Thailand,solid-tire,,default,0,0,0,open,open,"2023-01-21 09:58:46",,,,,,,,,,,,,,,,,,,,,,,
4965,"Spacer ที่กั้นระยะ",ระยะหุ้มคอนกรีต,,"2023-01-21 09:58:46",dictionary,https://token-thailand.unddev.net/dict/spacer/,,,,,,,,,,General,default,publish,4,token,contact@tas-c.com,Token,Thailand,spacer,,default,0,0,0,open,open,"2023-01-21 09:58:46",,,,,,,,,,,,,,,,,,,,,,,
4966,"Spider Crane",รถเครนขนาดเล็กที่มีล้อตีนตะขาบใช้สำหรับยกของทำงานในพื้นที่แคบๆ,,"2023-01-21 09:58:46",dictionary,https://token-thailand.unddev.net/dict/spider-crane/,,,,,,,,,,General,default,publish,4,token,contact@tas-c.com,Token,Thailand,spider-crane,,default,0,0,0,open,open,"2023-01-21 09:58:46",,,,,,,,,,,,,,,,,,,,,,,
4967,"Spider Lift","ใช้สำหรับงานที่มีพื้นที่รับน้ำหนักขนาดจำกัด กางขาเหมือนแมงมุม",,"2023-01-21 09:58:46",dictionary,https://token-thailand.unddev.net/dict/spider-lift/,,,,,,,,,,"Boom &amp; Scissors",default,publish,4,token,contact@tas-c.com,Token,Thailand,spider-lift,,default,0,0,0,open,open,"2023-01-21 09:58:46",,,,,,,,,,,,,,,,,,,,,,,
4968,"Spring โลหะที่เด้งได้",คือส่วนของโลหะทีม้วนรอบเป็นวงกลมเพื่อที่จะทำให้ยืดหยุ่นได้,,"2023-01-21 09:58:50",dictionary,https://token-thailand.unddev.net/dict/spring/,,,,,,,,,,"Boom &amp; Scissors",default,publish,4,token,contact@tas-c.com,Token,Thailand,spring,,default,0,0,0,open,open,"2023-01-21 09:58:50",,,,,,,,,,,,,,,,,,,,,,,
4969,"Storage เก็บ","เก็บบูม เก็บขาช้าง เก็บตัวกระเช้า",,"2023-01-21 09:58:50",dictionary,https://token-thailand.unddev.net/dict/storage/,,,,,,,,,,"Boom &amp; Scissors",default,publish,4,token,contact@tas-c.com,Token,Thailand,storage,,default,0,0,0,open,open,"2023-01-21 09:58:50",,,,,,,,,,,,,,,,,,,,,,,
4970,"Strobe Beacon, Flashing Beacon ไฟแวป",สัญญาณไฟฉุกเฉิน,,"2023-01-21 09:58:50",dictionary,https://token-thailand.unddev.net/dict/strobe-beacon-flashing-beacon/,,,,,,,,,,"Boom Lift",default,publish,4,token,contact@tas-c.com,Token,Thailand,strobe-beacon-flashing-beacon,,default,0,0,0,open,open,"2023-01-21 09:58:50",,,,,,,,,,,,,,,,,,,,,,,
4971,Telescopic,บูมที่ยืดแบบตรง,,"2023-01-21 09:58:50",dictionary,https://token-thailand.unddev.net/dict/telescopic/,,,,,,,,,,"Boom Lift",default,publish,4,token,contact@tas-c.com,Token,Thailand,telescopic,,default,0,0,0,open,open,"2023-01-21 09:58:50",,,,,,,,,,,,,,,,,,,,,,,
4972,"Tilt Sensor ตัวเช็คระดับลาดเอียง","ที่วัดองศาของเครื่องจักร หากไม่อยู่ในพื้นที่ราบเรียบ รถจะไม่ทำงานในกรณีการยก",,"2023-01-21 09:58:50",dictionary,https://token-thailand.unddev.net/dict/tilt-sensor/,,,,,,,,,,"Boom &amp; Scissors",default,publish,4,token,contact@tas-c.com,Token,Thailand,tilt-sensor,,default,0,0,0,open,open,"2023-01-21 09:58:50",,,,,,,,,,,,,,,,,,,,,,,
4973,"Toggle Switch",ทอกเกิลสวิตซ์,,"2023-01-21 09:58:50",dictionary,https://token-thailand.unddev.net/dict/toggle-switch/,,,,,,,,,,General,default,publish,4,token,contact@tas-c.com,Token,Thailand,toggle-switch,,default,0,0,0,open,open,"2023-01-21 09:58:50",,,,,,,,,,,,,,,,,,,,,,,
4974,"Tube หลอด","หลอด เช่น ลำกล้อง ยางในรถยนต์",,"2023-01-21 09:58:50",dictionary,https://token-thailand.unddev.net/dict/tube/,,,,,,,,,,General,default,publish,4,token,contact@tas-c.com,Token,Thailand,tube,,default,0,0,0,open,open,"2023-01-21 09:58:50",,,,,,,,,,,,,,,,,,,,,,,
4975,"Up & Over","จิ๊บบูม ขึ้น-ลง",,"2023-01-21 09:58:50",dictionary,https://token-thailand.unddev.net/dict/up-over/,,,,,,,,,,"Boom Lift",default,publish,4,token,contact@tas-c.com,Token,Thailand,up-over,,default,0,0,0,open,open,"2023-01-21 09:58:50",,,,,,,,,,,,,,,,,,,,,,,
4976,"Valve Brake วาล์วเบรค","วาวล์ของเบรคตัวปลดเบรค ถ้าตัววาล์วไม่เปิดน้ำมันก็จะไม่จ่ายทำให้เบรคไม่ได้",,"2023-01-21 09:58:50",dictionary,https://token-thailand.unddev.net/dict/valve-brake/,,,,,,,,,,General,default,publish,4,token,contact@tas-c.com,Token,Thailand,valve-brake,,default,0,0,0,open,open,"2023-01-21 09:58:50",,,,,,,,,,,,,,,,,,,,,,,
4977,"Volt (V) แรงดันไฟฟ้า",,,"2023-01-21 09:58:50",dictionary,https://token-thailand.unddev.net/dict/volt-v/,,,,,,,,,,General,default,publish,4,token,contact@tas-c.com,Token,Thailand,volt-v,,default,0,0,0,open,open,"2023-01-21 09:58:50",,,,,,,,,,,,,,,,,,,,,,,
4978,"Washer แหวน",เพื่อป้องกันไม่ให้น็อตหลุด,,"2023-01-21 09:58:54",dictionary,https://token-thailand.unddev.net/dict/washer/,,,,,,,,,,General,default,publish,4,token,contact@tas-c.com,Token,Thailand,washer,,default,0,0,0,open,open,"2023-01-21 09:58:54",,,,,,,,,,,,,,,,,,,,,,,
4979,"Watt (W) สัญลักษณ์",หน่วยวัดกำลังไฟฟ้า,,"2023-01-21 09:58:54",dictionary,https://token-thailand.unddev.net/dict/watt-w/,,,,,,,,,,General,default,publish,4,token,contact@tas-c.com,Token,Thailand,watt-w,,default,0,0,0,open,open,"2023-01-21 09:58:54",,,,,,,,,,,,,,,,,,,,,,,
4980,"Wire Rope สลิง",,,"2023-01-21 09:58:54",dictionary,https://token-thailand.unddev.net/dict/wire-rope/,,,,,,,,,,General,default,publish,4,token,contact@tas-c.com,Token,Thailand,wire-rope,,default,0,0,0,open,open,"2023-01-21 09:58:54",,,,,,,,,,,,,,,,,,,,,,,
4981,"Working Height ความสูงในการทำงาน",,,"2023-01-21 09:58:54",dictionary,https://token-thailand.unddev.net/dict/working-height/,,,,,,,,,,General,default,publish,4,token,contact@tas-c.com,Token,Thailand,working-height,,default,0,0,0,open,open,"2023-01-21 09:58:54",,,,,,,,,,,,,,,,,,,,,,,
4982,"Working Radius รัศมีการทำงาน",,,"2023-01-21 09:58:54",dictionary,https://token-thailand.unddev.net/dict/working-radius/,,,,,,,,,,General,default,publish,4,token,contact@tas-c.com,Token,Thailand,working-radius,,default,0,0,0,open,open,"2023-01-21 09:58:54",,,,,,,,,,,,,,,,,,,,,,,
4983,"X Lift ลิฟท์กระเช้าแบบขากรรไกร","ชื่อรถยกในการทำงานที่สุง ลักษณะคล้ายกับกรรไกร",,"2023-01-21 09:58:54",dictionary,https://token-thailand.unddev.net/dict/x-lift/,,,,,,,,,,"Scissors Lift",default,publish,4,token,contact@tas-c.com,Token,Thailand,x-lift,,default,0,0,0,open,open,"2023-01-21 09:58:54",,,,,,,,,,,,,,,,,,,,,,,
