ID,Title,Content,Excerpt,Date,Post Type,Permalink,WPML Translation ID,WPML Language Code,Image URL,Image Title,Image Caption,Image Description,Image Alt Text,Image Featured,Attachment URL,_wpml_word_count,category,_category,picture,_picture,ss_body,_ss_body,ss_headline,_ss_headline,_wpml_media_duplicate,_aioseo_title,_aioseo_description,_aioseo_keywords,_aioseo_og_title,_aioseo_og_description,_aioseo_og_article_section,_aioseo_og_article_tags,_aioseo_twitter_title,_aioseo_twitter_description,Status,Author ID,Author Username,Author Email,Author First Name,Author Last Name,Slug,Format,Template,Parent,Parent Slug,Order,Comment Status,Ping Status,Post Modified Date,Section 1,Section 2,Section 3,Section 4,Section 5,Section 6,Contact,Header sub title,Menu,Footer,Category,Picture,PDF File,Machine Picture,Machine,Work Place,Date,Purpose,Feedback,Comment,Short Content,URL
2440,ข้อควรระวังในการใช้งานรถกระเช้า Boom Lift & Scissors Lift,"

1.ตรวจสอบพื้นที่การใช้งานว่ามีสิ่งกีดขวางอยู่ด้านบนหรือด้านหลังหรือไม่

2.ระวังการงับมือหรือแขนเมื่อยกระดับกระเช้าขึ้นไปบนพื้นที่แคบอันเป็นผลให้มือหรือแขนที่อยู่นอกกระเช้าโดนเบียดทับ

3.ห้ามลดระดับกระเช้าลงเมื่อมีคนหรือสิ่งกีดขวางด้านล่างที่กระเช้าจะลดระดับลงมา

4.ให้ใช้ความระมัดระวังในการเข็นเคลื่อนที่ลิฟต์กระเช้าไปในที่ลาดเอียง

",,2021-04-06 4:15:08,tips,https://token-thailand.local/tips/2440/,2440,th,https://token-thailand.local/wp-content/uploads/2021/04/pdf3-01.jpg|https://token-thailand.local/wp-content/uploads/2021/04/pdf3-01.jpg,pdf3-01|pdf3-01,|,|,ข้อควรระวังในการใช้งานรถกระเช้า|,,https://token-thailand.local/wp-content/uploads/2021/04/pdf3-01.pdf|https://token-thailand.local/wp-content/uploads/2021/04/pdf3-01.pdf,,Skymaster,field_606beb4193e7b,2447,field_606bf4a842b5a,,field_606c083fa5872,,field_606c0899a5873,1,,,,,,,,,,publish,1,tokenweb,t-gondo@token-thailand.local,,,2440,,,0,0,0,closed,closed,2022-11-03 4:45:51,,,,,,,,,,,boom_lift|scissors_lift,https://token-thailand.local/wp-content/uploads/2021/04/pdf3-01.jpg,https://token-thailand.local/wp-content/uploads/2021/04/pdf3-01.pdf,https://token-thailand.local/wp-content/uploads/2021/04/pdf3-01.jpg,,,,,,,,
2458,วงเลี้ยวด้านใน / วงเลี้ยวด้านนอก Boom Lift & Scissors Lift,"

ตัวอย่าง!!

ในกรณีที่ Z30 ต้องการเลี้ยวไปยังตำแหน่งใหม่ พื้นที่วงล้อด้านในต้องมีความกว้าง 1.65M. และ หากต้องเลี้ยวครั้งเดียว วงล้อด้านนอกต้องมีพื้นที่ 3.23M.แต่ถ้ามีพื้นที่น้อยกว่า 3.23M.ต้องทำการถอยหลังและปรับวงเลี้ยวใหม่อีกครั้ง

",,2021-04-06 15:26:42,tips,https://token-thailand.local/tips/%e0%b8%a7%e0%b8%87%e0%b9%80%e0%b8%a5%e0%b8%b5%e0%b9%89%e0%b8%a2%e0%b8%a7%e0%b8%94%e0%b9%89%e0%b8%b2%e0%b8%99%e0%b9%83%e0%b8%99-%e0%b8%a7%e0%b8%87%e0%b9%80%e0%b8%a5%e0%b8%b5%e0%b9%89%e0%b8%a2/,2458,th,https://token-thailand.local/wp-content/uploads/2021/04/tips-02.jpg|https://token-thailand.local/wp-content/uploads/2021/04/tips-02.jpg,วงเลี้ยวด้านใน / วงเลี้ยวด้านนอก Boom Lift & Scissors Lift|วงเลี้ยวด้านใน / วงเลี้ยวด้านนอก Boom Lift & Scissors Lift,|,|,วงเลี้ยว Boom Lift & Scissors Lift|,,https://token-thailand.local/wp-content/uploads/2021/04/tips-02.pdf|https://token-thailand.local/wp-content/uploads/2021/04/tips-02.pdf,,,,,,,,,field_606c0899a5873,1,,,,,,,,,,publish,1,tokenweb,t-gondo@token-thailand.local,,,%e0%b8%a7%e0%b8%87%e0%b9%80%e0%b8%a5%e0%b8%b5%e0%b9%89%e0%b8%a2%e0%b8%a7%e0%b8%94%e0%b9%89%e0%b8%b2%e0%b8%99%e0%b9%83%e0%b8%99-%e0%b8%a7%e0%b8%87%e0%b9%80%e0%b8%a5%e0%b8%b5%e0%b9%89%e0%b8%a2,,,0,0,0,closed,closed,2022-11-03 4:45:51,,,,,,,,,,,boom_lift|scissors_lift,https://token-thailand.local/wp-content/uploads/2021/04/tips-02.jpg,https://token-thailand.local/wp-content/uploads/2021/04/tips-02.pdf,https://token-thailand.local/wp-content/uploads/2021/04/tips-02.jpg,,,,,,,,
2461,การแก้ไขปัญหารถกระเช้า Genie Boom Lift ระบบไฟฟ้า,"<p> 1.ตัวปรับความเร็ว เต่า-กระต่าย อาการ : บังคับบูมและฟังก์ชั่นอื่นๆช้า  </p>
<p> 2.ฟุตสวิทช์ อาการ : ต้องดึงสวิทช์ E-stop ก่อนถึงเหยียบฟุตสวิทช์  </p>
<p> 3.รถหันหน้าผิดด้าน อาการ : จะทำให้ไม่สามารถบังคับเดินหน้า-ถอยหลังได้(ที่ถูกต้องคือต้องเห็นหมายเลขรถ)  </p>
<p> 4. Error Code (Z60DC) อาการ : แสดงตำแหน่งที่เกิดปัญหา  </p>
<p> 5.ไฟแสดง error (Z45) อาการ : แสดงตำแหน่งที่เกิดปัญหา  </p>
<p> 6.BCI ชำรุด (Z45) อาการ:แบตเตอรี่ใช้งานได้แค่1ชม.ลดลงเร็ว  </p>
<p> 7. Error Code (Z60DC) อาการ : แสดงตำแหน่งที่เกิดปัญหา  </p>
<p> 8. ลิมิตสวิทช์ อาการ : รถจะเดินหน้าถอยหลังช้า กรณีที่เก็บบูมไม่เรียบร้อย  </p>
<p> 9. ทิลเซ็นเซอร์ อาการ : ไม่สามารถยกบูมได้ เนื่องจากพื้นที่ลาดเอียง  </p>
<p> 10.พาวเวอร์ปลั๊ก อาการ : ชาร์ตแบตไม่เข้า เพราะสายด้านในพาวเวอร์ปลั๊กอาจจะหลุด  </p>

",,2021-04-06 15:31:21,tips,https://token-thailand.local/tips/%e0%b8%81%e0%b8%b2%e0%b8%a3%e0%b9%81%e0%b8%81%e0%b9%89%e0%b9%84%e0%b8%82%e0%b8%9b%e0%b8%b1%e0%b8%8d%e0%b8%ab%e0%b8%b2%e0%b8%a3%e0%b8%96%e0%b8%81%e0%b8%a3%e0%b8%b0%e0%b9%80%e0%b8%8a%e0%b9%89%e0%b8%b2-g/,2461,th,https://token-thailand.local/wp-content/uploads/2021/04/tips-03.jpg|https://token-thailand.local/wp-content/uploads/2021/04/tips-03.jpg,การแก้ไขปัญหารถกระเช้า Genie Boom Lift ระบบไฟฟ้า|การแก้ไขปัญหารถกระเช้า Genie Boom Lift ระบบไฟฟ้า,|,|,กระเช้า Genie Boom Lift ระบบไฟฟ้า|,,https://token-thailand.local/wp-content/uploads/2021/04/tips-03.pdf|https://token-thailand.local/wp-content/uploads/2021/04/tips-03.pdf,,,,,,,,,field_606c0899a5873,1,,,,,,,,,,publish,1,tokenweb,t-gondo@token-thailand.local,,,%e0%b8%81%e0%b8%b2%e0%b8%a3%e0%b9%81%e0%b8%81%e0%b9%89%e0%b9%84%e0%b8%82%e0%b8%9b%e0%b8%b1%e0%b8%8d%e0%b8%ab%e0%b8%b2%e0%b8%a3%e0%b8%96%e0%b8%81%e0%b8%a3%e0%b8%b0%e0%b9%80%e0%b8%8a%e0%b9%89%e0%b8%b2-g,,,0,0,0,closed,closed,2022-11-03 4:45:51,,,,,,,,,,,boom_lift,https://token-thailand.local/wp-content/uploads/2021/04/tips-03.jpg,https://token-thailand.local/wp-content/uploads/2021/04/tips-03.pdf,https://token-thailand.local/wp-content/uploads/2021/04/tips-03.jpg,,,,,,,,
2466,การแก้ไขปัญหารถกระเช้า Genie Boom lift ระบบเครื่องยนต์,"<p> 1. ตัวปรับความเร็ว เต่า-กระต่าย อาการ : บังคับบูมและฟังก์ชั่นอื่นๆช้า  </p>
<p> 2. ฟุตสวิทช์ อาการ : ต้องดึงสวิทช์ E-stop ก่อนถึงเหยียบฟุตสวิทช์  </p>
<p> 3. ความร้อนสูง อาการ : ต้องเปิดฝาเพื่อระบายความร้อน  </p>
<p> 4. รถหันหน้าผิดด้าน อาการ : จะทำให้ไม่สามารถเดินหน้า-ถอยหลังได้(ที่ถูกต้องคือต้องเห็นหมายเลขรถ)  </p>
<p> 5. Error Code (Z80) อาการ : แสดงตำแหน่งที่เกิดปัญหา  </p>
<p> 6. Error Code (Z80) อาการ : แสดงตำแหน่งที่เกิดปัญหา  </p>
<p> 7. ลิมิตสวิทช์ อาการ : รถจะเดินหน้าถอยหลังช้า  กรณีที่เก็บบูมไม่เรียบร้อย  </p>
<p> 8. ทิลเซ็นเซอร์ อาการ : ไม่สามารถยกบูมได้  เนื่องจากพื้นที่ลาดเอียง  </p>
<p> 9. ถังน้ำมัน อาการ : เครื่องดับ ถ้าเป็นรถกระเช้าบูมลิฟท์ ต้องเติมน้ำมันเยอะกว่าปกติ  </p>
<p> 10. กรองโซล่า อาการ : ถ้าน้ำมันสกปรกทำให้สตาร์ทเครื่องไม่ได้  </p>
<p> 11. แบตเตอรี่ อาการ : ลืมปิดสวิทช์ ทำให้แบตหมด จะสตาร์ทเครื่องไม่ได้ </p>",,,,,,,,,,,,,,,,,,,,,,,,,,,,,,,,,,,,,,,,,,,,,,,,,,,,,,,,,,,,,,,,,,,,,
"""",,2021-04-06 15:34:54,tips,https://token-thailand.local/tips/%e0%b8%81%e0%b8%b2%e0%b8%a3%e0%b9%81%e0%b8%81%e0%b9%89%e0%b9%84%e0%b8%82%e0%b8%9b%e0%b8%b1%e0%b8%8d%e0%b8%ab%e0%b8%b2%e0%b8%a3%e0%b8%96%e0%b8%81%e0%b8%a3%e0%b8%b0%e0%b9%80%e0%b8%8a%e0%b9%89%e0%b8%b2-2/,2466,th,https://token-thailand.local/wp-content/uploads/2021/04/tips-04.jpg|https://token-thailand.local/wp-content/uploads/2021/04/tips-04.jpg,การแก้ไขปัญหารถกระเช้า Genie Boom lift ระบบเครื่องยนต์|การแก้ไขปัญหารถกระเช้า Genie Boom lift ระบบเครื่องยนต์,|,|,Genie Boom lift ระบบเครื่องยนต์|,,https://token-thailand.local/wp-content/uploads/2021/04/tips-04.pdf|https://token-thailand.local/wp-content/uploads/2021/04/tips-04.pdf,,,,,,,,,field_606c0899a5873,1,,,,,,,,,,publish,1,tokenweb,t-gondo@token-thailand.local,,,%e0%b8%81%e0%b8%b2%e0%b8%a3%e0%b9%81%e0%b8%81%e0%b9%89%e0%b9%84%e0%b8%82%e0%b8%9b%e0%b8%b1%e0%b8%8d%e0%b8%ab%e0%b8%b2%e0%b8%a3%e0%b8%96%e0%b8%81%e0%b8%a3%e0%b8%b0%e0%b9%80%e0%b8%8a%e0%b9%89%e0%b8%b2-2,,,0,0,0,closed,closed,2022-11-03 4:45:51,,,,,,,,,,,boom_lift,https://token-thailand.local/wp-content/uploads/2021/04/tips-04.jpg,https://token-thailand.local/wp-content/uploads/2021/04/tips-04.pdf,https://token-thailand.local/wp-content/uploads/2021/04/tips-04.jpg,,,,,,,,,,
2469,การแก้ไขปัญหารถกระเช้า Genie Scissor Lift ระบบไฟฟ้า,"<p> 1. จอยสติกซ์ อาการ : ไม่สามารถบังคับขึ้น-ลง และ เดินหน้า-ถอยหลัง ได้ เลี้ยวไม่ได้ เกิดจากลิมิตสวิทช์เสีย  </p>
<p> 2. สวิทช์ฉุกเฉิน อาการ : ต้องเปิดสวิทช์ฉุกเฉินทั้งด้านบนและล่าง จะใช้งานได้ปกติ   </p>
<p> 3. BCI (ระดับแบตเตอรี่) อาการ : ถ้าแบตเตอรี่น้อย  ยกบูมขึ้นจะรับน้ำหนักได้น้อย  </p>
<p> 4. BCI (Charger) อาการ : สถานะแจ้งระดับแบตเตอรี่  </p>
<p> 5. พาวเวอร์ปลั๊ก อาการ : ชาร์ตแบตไม่เข้า เพราะสายด้านในพาวเวอร์ปลั๊กอาจจะหลุด  </p>
<p> 6. จุดบังคับด้านบน P-Con  อาการ : จะแสดง error จุดที่เกิดปัญหา เกิดจากการใช้งานผิดของผู้ใช้ PHS=Pothole,LL=Tilt Sensor, CH=Key Switch OL=Overload LO=Low Battery  </p>
<p> 7. ทิลเซ็นเซอร์ อาการ : ไม่สามารถยกบูมได้ เนื่องจากพื้นที่ลาดเอียง  </p>
<p> 8.สมาร์ทลิ้ง จุดบังคับด้านล่าง G-Con อาการ : จะแสดง error จุดที่เกิดปัญหา เกิดจากระบบมีปัญหา H002=Coil & Contactor P009=Gcon Smartlink C021=Pcon not detected F129=Tilt Sensor  </p>
<p> 9. สวิทช์กุญแจ อาการ : ต้องบิดสวิทช์กุญแจให้ถูกต้อง บังคับด้านบนหรือด้านล่าง  </p>
<p> 10. Pothole Guard อาการ : ขึ้นได้นิดเดียว เพราะเปิดออกไม่สุด </p>
",,2021-04-06 15:37:37,tips,https://token-thailand.local/tips/%e0%b8%81%e0%b8%b2%e0%b8%a3%e0%b9%81%e0%b8%81%e0%b9%89%e0%b9%84%e0%b8%82%e0%b8%9b%e0%b8%b1%e0%b8%8d%e0%b8%ab%e0%b8%b2%e0%b8%a3%e0%b8%96%e0%b8%81%e0%b8%a3%e0%b8%b0%e0%b9%80%e0%b8%8a%e0%b9%89%e0%b8%b2-3/,2469,th,https://token-thailand.local/wp-content/uploads/2021/04/tips-05.jpg|https://token-thailand.local/wp-content/uploads/2021/04/tips-05.jpg,การแก้ไขปัญหารถกระเช้า Genie Scissor Lift ระบบไฟฟ้า|การแก้ไขปัญหารถกระเช้า Genie Scissor Lift ระบบไฟฟ้า,|,|,Genie Scissor Lift ระบบไฟฟ้า|,,https://token-thailand.local/wp-content/uploads/2021/04/tips-05.pdf|https://token-thailand.local/wp-content/uploads/2021/04/tips-05.pdf,,,,,,,,,field_606c0899a5873,1,,,,,,,,,,publish,1,tokenweb,t-gondo@token-thailand.local,,,%e0%b8%81%e0%b8%b2%e0%b8%a3%e0%b9%81%e0%b8%81%e0%b9%89%e0%b9%84%e0%b8%82%e0%b8%9b%e0%b8%b1%e0%b8%8d%e0%b8%ab%e0%b8%b2%e0%b8%a3%e0%b8%96%e0%b8%81%e0%b8%a3%e0%b8%b0%e0%b9%80%e0%b8%8a%e0%b9%89%e0%b8%b2-3,,,0,0,0,closed,closed,2022-11-03 4:45:51,,,,,,,,,,,scissors_lift,https://token-thailand.local/wp-content/uploads/2021/04/tips-05.jpg,https://token-thailand.local/wp-content/uploads/2021/04/tips-05.pdf,https://token-thailand.local/wp-content/uploads/2021/04/tips-05.jpg,,,,,,,,
2472,การแก้ไขปัญหารถกระเช้า JLG Boom Lift ระบบไฟฟ้า,"<p> 1. สัญลักษณ์ Error อาการ : ไฟจะกระพริบที่สัญลักษณ์ ถ้าระบบมีปัญหาขึ้น </p>
<p> 2. ตัวปรับความเร็ว เต่า-กระต่าย อาการ : บังคับบูมและฟังก์ชั่นอื่นๆช้า </p>
<p> 3. ลิมิตสวิทช์ อาการ : รถจะเดินหน้าถอยหลังช้า กรณีที่เก็บบูมไม่เรียบร้อย </p>
<p> 4. ฟุตสวิทช์ อาการ : ต้องดึงสวิทช์ E-stop ก่อนถึงเหยียบฟุตสวิทช์ </p>
<p> 5. ทิลเซ็นเซอร์ อาการ : ไม่สามารถยกบูมได้ เนื่องจากพื้นที่ลาดเอียง </p>
<p> 6. รถหันหน้าผิดด้าน อาการ : จะทำให้ไม่สามารถเดินหน้า-ถอยหลังได้(ที่ถูกต้องคือต้องเห็นหมายเลขรถ) </p>
<p> 7. พาวเวอร์ปลั๊ก อาการ : ชาร์ตแบตไม่เข้า เพราะสายด้านในพาวเวอร์ปลั๊กอาจจะหลุด </p>
<p> 8. Error Code BCI(E450) อาการ : แสดงตำแหน่งที่เกิดปัญหา </p>
",,2021-04-06 15:40:09,tips,https://token-thailand.local/tips/%e0%b8%81%e0%b8%b2%e0%b8%a3%e0%b9%81%e0%b8%81%e0%b9%89%e0%b9%84%e0%b8%82%e0%b8%9b%e0%b8%b1%e0%b8%8d%e0%b8%ab%e0%b8%b2%e0%b8%a3%e0%b8%96%e0%b8%81%e0%b8%a3%e0%b8%b0%e0%b9%80%e0%b8%8a%e0%b9%89%e0%b8%b2-j/,2472,th,https://token-thailand.local/wp-content/uploads/2021/04/tips-06.jpg|https://token-thailand.local/wp-content/uploads/2021/04/tips-06.jpg,การแก้ไขปัญหารถกระเช้า JLG Boom Lift ระบบไฟฟ้า|การแก้ไขปัญหารถกระเช้า JLG Boom Lift ระบบไฟฟ้า,|,|,รถกระเช้า JLG Boom Lift ระบบไฟฟ้า|,,https://token-thailand.local/wp-content/uploads/2021/04/tips-06.pdf|https://token-thailand.local/wp-content/uploads/2021/04/tips-06.pdf,,,,,,,,,field_606c0899a5873,1,,,,,,,,,,publish,1,tokenweb,t-gondo@token-thailand.local,,,%e0%b8%81%e0%b8%b2%e0%b8%a3%e0%b9%81%e0%b8%81%e0%b9%89%e0%b9%84%e0%b8%82%e0%b8%9b%e0%b8%b1%e0%b8%8d%e0%b8%ab%e0%b8%b2%e0%b8%a3%e0%b8%96%e0%b8%81%e0%b8%a3%e0%b8%b0%e0%b9%80%e0%b8%8a%e0%b9%89%e0%b8%b2-j,,,0,0,0,closed,closed,2022-11-03 4:45:51,,,,,,,,,,,boom_lift,https://token-thailand.local/wp-content/uploads/2021/04/tips-06.jpg,https://token-thailand.local/wp-content/uploads/2021/04/tips-06.pdf,https://token-thailand.local/wp-content/uploads/2021/04/tips-06.jpg,,,,,,,,
2476,การแก้ไขปัญหารถกระเช้า JLG Scissor Lift ระบบไฟฟ้า,"

1. จุดบังคับด้านบน P-Con อาการ : จะแสดง error จุดที่เกิดปัญหา เกิดจากการใช้งานผิดของผู้ใช้(มีไฟกระพริบจุดที่เกิดปัญหาเป็นสัญลักษณ์)

2. จอยสติกซ์ อาการ : ไม่สามารถบังคับขึ้น-ลง และ เดินหน้า-ถอยหลัง ได้ เลี้ยวไม่ได้ เกิดจากลิมิตสวิทช์เสีย

3. ทิลเซ็นเซอร์ อาการ : ไม่สามารถยกบูมได้ เนื่องจากพื้นที่ลาดเอียง

4. สวิทช์กุญแจ อาการ : ต้องบิดสวิทช์กุญแจให้ถูกต้อง บังคับด้านบนหรือด้านล่าง

5. Pothole Guard อาการ : ขึ้นได้นิดเดียว เพราะเปิดออกไม่สุด

6. ไฟแสดงแบตเตอรี่ (3246ES) อาการ : ไฟแสดงจำนวนแบตเตอรี่เหลือน้อย จะไม่ค่อยสว่างทำให้มองเห็นไม่ชัด

7. สวิทช์ฉุกเฉิน อาการ : ต้องเปิดสวิทช์ฉุกเฉินทั้งด้านบนและด้านล่าง จะใช้งานได้ปกติ

8. ฟังก์ชั่นการทำงาน อาการ : ต้องเลือกฟังก์ชั่นให้ถูกต้อง A(8M) หรือ B(10M) ยืดบูมสูงจะรับน้ำหนักได้น้อยลง ภานนอก-ภายใน คือ ภายนอกจะยืดบูมขึ้นได้น้อยกว่าภายใน

9. BCI (Charger) อาการ : สถานะระดับแบตเตอรี่

10. พาวเวอร์ปลั๊ก อาการ : ชาร์ตแบตไม่เข้า เพราะสายด้านในพาวเวอร์ปลั๊กอาจจะหลุด

",,2021-04-06 15:42:16,tips,https://token-thailand.local/tips/%e0%b8%81%e0%b8%b2%e0%b8%a3%e0%b9%81%e0%b8%81%e0%b9%89%e0%b9%84%e0%b8%82%e0%b8%9b%e0%b8%b1%e0%b8%8d%e0%b8%ab%e0%b8%b2%e0%b8%a3%e0%b8%96%e0%b8%81%e0%b8%a3%e0%b8%b0%e0%b9%80%e0%b8%8a%e0%b9%89%e0%b8%b2-4/,2476,th,https://token-thailand.local/wp-content/uploads/2021/04/tips-07.jpg|https://token-thailand.local/wp-content/uploads/2021/04/tips-07.jpg,การแก้ไขปัญหารถกระเช้า JLG Scissor Lift ระบบไฟฟ้า|การแก้ไขปัญหารถกระเช้า JLG Scissor Lift ระบบไฟฟ้า,|,|,JLG Scissor Lift ระบบไฟฟ้า|,,https://token-thailand.local/wp-content/uploads/2021/04/tips-07.pdf|https://token-thailand.local/wp-content/uploads/2021/04/tips-07.pdf,,,,,,,,,field_606c0899a5873,1,,,,,,,,,,publish,1,tokenweb,t-gondo@token-thailand.local,,,%e0%b8%81%e0%b8%b2%e0%b8%a3%e0%b9%81%e0%b8%81%e0%b9%89%e0%b9%84%e0%b8%82%e0%b8%9b%e0%b8%b1%e0%b8%8d%e0%b8%ab%e0%b8%b2%e0%b8%a3%e0%b8%96%e0%b8%81%e0%b8%a3%e0%b8%b0%e0%b9%80%e0%b8%8a%e0%b9%89%e0%b8%b2-4,,,0,0,0,closed,closed,2022-11-03 4:45:51,,,,,,,,,,,scissors_lift,https://token-thailand.local/wp-content/uploads/2021/04/tips-07.jpg,https://token-thailand.local/wp-content/uploads/2021/04/tips-07.pdf,https://token-thailand.local/wp-content/uploads/2021/04/tips-07.jpg,,,,,,,,
2479,การแก้ไขปัญหารถกระเช้า Skymaster Aichi,"

1. แนวตั้ง-แนวนอน อาการ: บังคับจอยสติกผิดทิศทาง

2. สวิทช์ฉุกเฉิน อาการ:ตัดระบบเซฟตี้ ไม่สามารถบังคับบูมและกระเช้าได้

3. ลิมิตสวิทช์ของบูม อาการ:ถ้าเก็บบูมไม่เรียบร้อยจะเก็บขาช้างไม่ได้

4. สวิทช์ฉุกเฉิน อาการ:ตัดระบบเซฟตี้ ไม่สามารถบังคับบูมและกระเช้าได้

5. ชั่งน้ำหนัก อาการ: เวลาไม่มีคนบนตัวกระเช้าจะบังคับไม่ได้

6. แนวตั้ง-แนวนอน อาการ: บังคับจอยสติกผิดทิศทาง

7. ฟุตสวิทซ์ อาการ: ถ้าไม่เหยียบฟุตสวิทช์ จะบังคับบูมและกระเช้าไม่ได้

8. ไฟขาช้าง อาการ: ถ้ากางขาช้างไม่เรียบร้อย จะมีไฟกระพริบ ทำให้บังคับบูมและกระเช้าไม่ได้

",,2021-04-06 15:44:19,tips,https://token-thailand.local/tips/%e0%b8%81%e0%b8%b2%e0%b8%a3%e0%b9%81%e0%b8%81%e0%b9%89%e0%b9%84%e0%b8%82%e0%b8%9b%e0%b8%b1%e0%b8%8d%e0%b8%ab%e0%b8%b2%e0%b8%a3%e0%b8%96%e0%b8%81%e0%b8%a3%e0%b8%b0%e0%b9%80%e0%b8%8a%e0%b9%89%e0%b8%b2-s/,2479,th,https://token-thailand.local/wp-content/uploads/2021/04/tips-08.jpg|https://token-thailand.local/wp-content/uploads/2021/04/tips-08.jpg,การแก้ไขปัญหารถกระเช้า Skymaster Aichi|การแก้ไขปัญหารถกระเช้า Skymaster Aichi,|,|,รถกระเช้า Skymaster Aichi|,,https://token-thailand.local/wp-content/uploads/2021/04/tips-08.pdf|https://token-thailand.local/wp-content/uploads/2021/04/tips-08.pdf,,,,,,,,,field_606c0899a5873,1,,,,,,,,,,publish,1,tokenweb,t-gondo@token-thailand.local,,,%e0%b8%81%e0%b8%b2%e0%b8%a3%e0%b9%81%e0%b8%81%e0%b9%89%e0%b9%84%e0%b8%82%e0%b8%9b%e0%b8%b1%e0%b8%8d%e0%b8%ab%e0%b8%b2%e0%b8%a3%e0%b8%96%e0%b8%81%e0%b8%a3%e0%b8%b0%e0%b9%80%e0%b8%8a%e0%b9%89%e0%b8%b2-s,,,0,0,0,closed,closed,2022-11-03 4:45:51,,,,,,,,,,,skymaster,https://token-thailand.local/wp-content/uploads/2021/04/tips-08.jpg,https://token-thailand.local/wp-content/uploads/2021/04/tips-08.pdf,https://token-thailand.local/wp-content/uploads/2021/04/tips-08.jpg,,,,,,,,
2482,การแก้ไขปัญหารถกระเช้า Skyboy Tadano,"

1. ลิมิตสวิทช์ของบูม อาการ:ถ้าเก็บบูมไม่เรียบร้อยจะเก็บขาช้างไม่ได้

2. แนวตั้ง-แนวนอน อาการ: บังคับบูมและกระเช้าผิดทิศทาง

3. กราวด์คอนโทรล อาการ:หน้าจอแสดงระบบเซฟกี่%(ถ้าเกิน100%เซฟตี้ตัด)

4. สวิทช์ฉุกเฉิน อาการ: ตัดระบบเซฟตี้ ไม่สามารถบังคับบูมและกระเช้าได้

5. สวิทช์ฉุกเฉิน อาการ: ตัดระบบเซฟตี้ ไม่สามารถบังคับบูมและกระเช้าได้

6. ฟุตสวิทช์ อาการ: ถ้าไม่เหยียบฟุตสวิทช์ จะบังคับบูมและกระเช้าไม่ได้

7. รหัส Error อาการ: มีตัวอักษรพร้อมเลข3หลักแสดงที่หน้าจอ

8. กล่องฟิวส์ อาการ: ไฟไม่มาให้เช็คตรงนี้

9. แนวตั้ง-แนวนอน อาการ: บังคับบูมและกระเช้าผิดทิศทาง

10. ไฟขาช้าง อาการ: ถ้ากางขาช้างไม่เรียบร้อย จะมีไฟกระพริบ ทำให้บังคับบูมและกระเช้าไม่ได้

",,2021-04-06 15:46:19,tips,https://token-thailand.local/tips/%e0%b8%81%e0%b8%b2%e0%b8%a3%e0%b9%81%e0%b8%81%e0%b9%89%e0%b9%84%e0%b8%82%e0%b8%9b%e0%b8%b1%e0%b8%8d%e0%b8%ab%e0%b8%b2%e0%b8%a3%e0%b8%96%e0%b8%81%e0%b8%a3%e0%b8%b0%e0%b9%80%e0%b8%8a%e0%b9%89%e0%b8%b2-5/,2482,th,https://token-thailand.local/wp-content/uploads/2021/04/tips-09.jpg|https://token-thailand.local/wp-content/uploads/2021/04/tips-09.jpg,การแก้ไขปัญหารถกระเช้า Skyboy Tadano|การแก้ไขปัญหารถกระเช้า Skyboy Tadano,|,|,รถกระเช้า Skyboy Tadano|,,https://token-thailand.local/wp-content/uploads/2021/04/tips-09.pdf|https://token-thailand.local/wp-content/uploads/2021/04/tips-09.pdf,,,,,,,,,field_606c0899a5873,1,,,,,,,,,,publish,1,tokenweb,t-gondo@token-thailand.local,,,%e0%b8%81%e0%b8%b2%e0%b8%a3%e0%b9%81%e0%b8%81%e0%b9%89%e0%b9%84%e0%b8%82%e0%b8%9b%e0%b8%b1%e0%b8%8d%e0%b8%ab%e0%b8%b2%e0%b8%a3%e0%b8%96%e0%b8%81%e0%b8%a3%e0%b8%b0%e0%b9%80%e0%b8%8a%e0%b9%89%e0%b8%b2-5,,,0,0,0,closed,closed,2022-11-03 4:45:30,,,,,,,,,,,skymaster,https://token-thailand.local/wp-content/uploads/2021/04/tips-09.jpg,https://token-thailand.local/wp-content/uploads/2021/04/tips-09.pdf,https://token-thailand.local/wp-content/uploads/2021/04/tips-09.jpg,,,,,,,,
2485,ปุ่มควบคุมรถลิฟท์กระเช้าแบบกรรไกร Genie Scissors Lift Smart Link,"

1. ปุ่มเมนูย้อนกลับ

2. ปุ่มเมนูขึ้น

3. หนาจอแสดงสถานะต่างๆและชั่วโมงการทำงาน

4. ปุ่มเมนูลง

5. ปุ่มเมนูตกลง

6. สวิทช์กุญแจเลือกการทำงาน

7. ปุ่มสวิทช์ฉุกเฉิน

8. เบรกเกอร์

9. ปุ่มกดให้กระเช้าลง

10. ปุ่มกดเพื่อให้กระเช้าทำงาน

11. ปุ่มกดให้กระเช้าขึ้น

",,2021-04-06 15:48:28,tips,https://token-thailand.local/tips/%e0%b8%9b%e0%b8%b8%e0%b9%88%e0%b8%a1%e0%b8%84%e0%b8%a7%e0%b8%9a%e0%b8%84%e0%b8%b8%e0%b8%a1%e0%b8%a3%e0%b8%96%e0%b8%a5%e0%b8%b4%e0%b8%9f%e0%b8%97%e0%b9%8c%e0%b8%81%e0%b8%a3%e0%b8%b0%e0%b9%80%e0%b8%8a/,2485,th,https://token-thailand.local/wp-content/uploads/2021/04/tips-10.jpg|https://token-thailand.local/wp-content/uploads/2021/04/tips-10.jpg,ปุ่มควบคุมรถลิฟท์กระเช้าแบบกรรไกร Genie Scissors Lift Smart Link|ปุ่มควบคุมรถลิฟท์กระเช้าแบบกรรไกร Genie Scissors Lift Smart Link,|,|,Genie Scissors Lift Smart Link|,,https://token-thailand.local/wp-content/uploads/2021/04/tips-10.pdf|https://token-thailand.local/wp-content/uploads/2021/04/tips-10.pdf,,,,,,,,ปุ่มควบคุมด้านล่าง,field_606c0899a5873,1,,,,,,,,,,publish,1,tokenweb,t-gondo@token-thailand.local,,,%e0%b8%9b%e0%b8%b8%e0%b9%88%e0%b8%a1%e0%b8%84%e0%b8%a7%e0%b8%9a%e0%b8%84%e0%b8%b8%e0%b8%a1%e0%b8%a3%e0%b8%96%e0%b8%a5%e0%b8%b4%e0%b8%9f%e0%b8%97%e0%b9%8c%e0%b8%81%e0%b8%a3%e0%b8%b0%e0%b9%80%e0%b8%8a,,,0,0,0,closed,closed,2022-11-03 4:45:30,,,,,,,,,,,scissors_lift,https://token-thailand.local/wp-content/uploads/2021/04/tips-10.jpg,https://token-thailand.local/wp-content/uploads/2021/04/tips-10.pdf,https://token-thailand.local/wp-content/uploads/2021/04/tips-10.jpg,,,,,,,,
2488,ปุ่มและสวิทช์ควบคุมด้านบนรถกระเช้าขากรรไกร Genie Scissors Lift,"<strong> ปุ่มคอนโทรลด้านบนกระเช้า แบบที่ 1 แบบที่ 2 </strong>

1. ปุ่มเปิดการทำงานของกระเช้าแบบช้า

2.สวิทช์ฉุกเฉิน

3. ปุ่มปิดการทำงานของกระเช้าแบบเร็ว

4. ปุ่มกดแตร x

5. ปุ่มเลือกความเร็วในการเคลื่อนที่ในระดับช้า

6. จอยบังคับการเคลื่อนที่ เดินหน้า/ถอยหลัง

7. ปุ่มบังคับเลี้ยว ซ้าย/ขวา

8. หน้าจอแสดงสถานะแบตเตอรี่และข้อผิดพลาด

9. ปุ่มเลือกกระเช้ายกขึ้น

10. ปุ่มเลือกกระเช้าลดลง

17. หน้าจอแสดงสถานะแบตเตอรี่และข้อผิดพลาด

16. จอยบังคับการเคลื่อนที่และบังคับกระเช้า

17. หน้าจอแสดงสถานะแบตเตอรี่และข้อผิดพลาด

18. ปุ่มเลือกคอนโทรลการเคลื่อนที่

",,2021-04-06 15:53:38,tips,https://token-thailand.local/tips/%e0%b8%9b%e0%b8%b8%e0%b9%88%e0%b8%a1%e0%b9%81%e0%b8%a5%e0%b8%b0%e0%b8%aa%e0%b8%a7%e0%b8%b4%e0%b8%97%e0%b8%8a%e0%b9%8c%e0%b8%84%e0%b8%a7%e0%b8%9a%e0%b8%84%e0%b8%b8%e0%b8%a1%e0%b8%94%e0%b9%89%e0%b8%b2/,2488,th,https://token-thailand.local/wp-content/uploads/2021/04/tips-11.jpg|https://token-thailand.local/wp-content/uploads/2021/04/tips-11.jpg,ปุ่มและสวิทช์ควบคุมด้านบนรถกระเช้าขากรรไกร Genie Scissors Lift|ปุ่มและสวิทช์ควบคุมด้านบนรถกระเช้าขากรรไกร Genie Scissors Lift,|,|,ปุ่มควบคุมด้านบน Genie Scissors Lift|,,https://token-thailand.local/wp-content/uploads/2021/04/tips-11.pdf|https://token-thailand.local/wp-content/uploads/2021/04/tips-11.pdf,,,,,,,,ปุ่มคอนโทรลด้านบนกระเช้า แบบที่ 1 แบบที่ 2,field_606c0899a5873,1,,,,,,,,,,publish,1,tokenweb,t-gondo@token-thailand.local,,,%e0%b8%9b%e0%b8%b8%e0%b9%88%e0%b8%a1%e0%b9%81%e0%b8%a5%e0%b8%b0%e0%b8%aa%e0%b8%a7%e0%b8%b4%e0%b8%97%e0%b8%8a%e0%b9%8c%e0%b8%84%e0%b8%a7%e0%b8%9a%e0%b8%84%e0%b8%b8%e0%b8%a1%e0%b8%94%e0%b9%89%e0%b8%b2,,,0,0,0,closed,closed,2022-11-03 4:45:30,,,,,,,,,,,scissors_lift,https://token-thailand.local/wp-content/uploads/2021/04/tips-11.jpg,https://token-thailand.local/wp-content/uploads/2021/04/tips-11.pdf,https://token-thailand.local/wp-content/uploads/2021/04/tips-11.jpg,,,,,,,,
2491,วิธีปลดเบรกและปุ่มลดระดับสำรองสำหรับเหตุการณ์ฉุกเฉินรถกระเช้าขากรรไกร Genie Scissors Lift,"<strong> วิธีปลดเบรก </strong>

ตัวปลดเบรกนั้นจะอยู่ในตำแหน่งหลังลิฟท์กระเช้าหรือบริเวณ บันไดที่จะขึ้นกระเช้า　1. กดปุ่ม โช้คสีดา　2. ปั๊มโช้คสีแดงหลาย ๆ ครั้งจนเบรกปลดล็อคหรือจนปั๊มไม่เข้า 　โดยสังเกตว่า เราสามารถเข็นลิฟท์ได้ เมื่อต้องการขับเคลื่อน สามารถใช้ลิฟท์กระเช้าได้ทันที โดยเบรกจะทำการล็อค โดยอัตโนมัติ หรือดึงปุ่มสีดำออกมา

<strong> ปุ่มลดระดับสำรองสำหรับเหตุการณ์ฉุกเฉิน </strong>

ดึงก้านดึงสีแดงที่อยู่ที่ฐานกระเช้าใกล้ล้อเลี้ยวทางขวามือ เมื่อต้องการลดระดับในกรณีฉุกเฉิน หรือ ใช้เมื่อต้องการใช้การลดระดับสำรอง (ระวังอย่าดึงแรงจนเกินไป)

",,2021-04-06 15:57:17,tips,https://token-thailand.local/tips/%e0%b8%a7%e0%b8%b4%e0%b8%98%e0%b8%b5%e0%b8%9b%e0%b8%a5%e0%b8%94%e0%b9%80%e0%b8%9a%e0%b8%a3%e0%b8%81%e0%b9%81%e0%b8%a5%e0%b8%b0%e0%b8%9b%e0%b8%b8%e0%b9%88%e0%b8%a1%e0%b8%a5%e0%b8%94%e0%b8%a3%e0%b8%b0/,2491,th,https://token-thailand.local/wp-content/uploads/2021/04/tips-12.jpg|https://token-thailand.local/wp-content/uploads/2021/04/tips-12.jpg,วิธีปลดเบรกและปุ่มลดระดับสำรองสำหรับเหตุการณ์ฉุกเฉินรถกระเช้าขากรรไกร Genie Scissors Lift|วิธีปลดเบรกและปุ่มลดระดับสำรองสำหรับเหตุการณ์ฉุกเฉินรถกระเช้าขากรรไกร Genie Scissors Lift,|,|,ขากรรไกร Genie Scissors Lift|,,https://token-thailand.local/wp-content/uploads/2021/04/tips-12.pdf|https://token-thailand.local/wp-content/uploads/2021/04/tips-12.pdf,,,,,,,,,field_606c0899a5873,1,,,,,,,,,,publish,1,tokenweb,t-gondo@token-thailand.local,,,%e0%b8%a7%e0%b8%b4%e0%b8%98%e0%b8%b5%e0%b8%9b%e0%b8%a5%e0%b8%94%e0%b9%80%e0%b8%9a%e0%b8%a3%e0%b8%81%e0%b9%81%e0%b8%a5%e0%b8%b0%e0%b8%9b%e0%b8%b8%e0%b9%88%e0%b8%a1%e0%b8%a5%e0%b8%94%e0%b8%a3%e0%b8%b0,,,0,0,0,closed,closed,2022-11-03 4:45:30,,,,,,,,,,,scissors_lift,https://token-thailand.local/wp-content/uploads/2021/04/tips-12.jpg,https://token-thailand.local/wp-content/uploads/2021/04/tips-12.pdf,https://token-thailand.local/wp-content/uploads/2021/04/tips-12.jpg,,,,,,,,
2494,คุณลักษณะของรถกระเช้าบูมลิฟท์ รุ่น Genie Z45/25J,"

1. ฟุตสวิทช์

2. กล่องเก็บคู่มือการใช้งาน

3. ประตูสไลด์

4. จุดคล้องเซฟตี้ฮาเน็ต

5. จิ๊บบูม / แขนจิ๊บ (Z45/25J)

6. กระเช้า

7. ชุดคอนโทรลบนกระเช้า

8. ไพรมารี่บูม / แขนบูมท่อนที่ 1

9. เชกเกิ้ลนารี่บูม / แขนบูมท่อนที่ 2

10. ชุดคอนโทรลด้านล่าง

11. จุดเติมลม

12. ล้อเลี้ยว

13. กล่องแบตเตอรี่

14. ล้อขับเคลื่อน

",,2021-04-06 16:00:01,tips,https://token-thailand.local/tips/%e0%b8%84%e0%b8%b8%e0%b8%93%e0%b8%a5%e0%b8%b1%e0%b8%81%e0%b8%a9%e0%b8%93%e0%b8%b0%e0%b8%82%e0%b8%ad%e0%b8%87%e0%b8%a3%e0%b8%96%e0%b8%81%e0%b8%a3%e0%b8%b0%e0%b9%80%e0%b8%8a%e0%b9%89%e0%b8%b2%e0%b8%9a/,2494,th,https://token-thailand.local/wp-content/uploads/2021/04/tips-13.jpg|https://token-thailand.local/wp-content/uploads/2021/04/tips-13.jpg,คุณลักษณะของรถกระเช้าบูมลิฟท์ รุ่น Genie Z45/25J|คุณลักษณะของรถกระเช้าบูมลิฟท์ รุ่น Genie Z45/25J,|,|,บูมลิฟท์ รุ่น Genie Z45/25J|,,https://token-thailand.local/wp-content/uploads/2021/04/tips-13.pdf|https://token-thailand.local/wp-content/uploads/2021/04/tips-13.pdf,"{""total"":183,""to_translate"":{""ja"":183}}",,,,,,,,field_606c0899a5873,1,,,,,,,,,,publish,1,tokenweb,t-gondo@token-thailand.local,,,%e0%b8%84%e0%b8%b8%e0%b8%93%e0%b8%a5%e0%b8%b1%e0%b8%81%e0%b8%a9%e0%b8%93%e0%b8%b0%e0%b8%82%e0%b8%ad%e0%b8%87%e0%b8%a3%e0%b8%96%e0%b8%81%e0%b8%a3%e0%b8%b0%e0%b9%80%e0%b8%8a%e0%b9%89%e0%b8%b2%e0%b8%9a,,,0,0,0,closed,closed,2022-11-03 4:45:30,,,,,,,,,,,boom_lift,https://token-thailand.local/wp-content/uploads/2021/04/tips-13.jpg,https://token-thailand.local/wp-content/uploads/2021/04/tips-13.pdf,https://token-thailand.local/wp-content/uploads/2021/04/tips-13.jpg,,,,,,,,
2497,ปุ่มและสวิทช์ควบคุมลิฟท์กระเช้า รถกระเช้าบูมลิฟท์ รุ่น Genie Z45/25J DC ปุ่มและสวิทช์ควบคุมด้านล่าง,"

1. สวิทช์ควบคุมการหมุนซ้าย-ขวา ของกระเช้า

2. สวิทช์ควบคุมการหมุนฐานเครื่อง

3. สวิทช์ควบคุมการขึ้น-ลงแขนบูมท่อน 1 (ท่อนบน)

4. สวิทช์ควบคุมการยืด-หดแขนบูมท่อน 1 (ท่อนบน)

5. ไม่ใช้

6. สวิทช์ปรับความเร็วการขับเคลื่อน (เต่า/กระต่าย)

7. สวิทช์ระบบไฟสารอง

8. สวิทช์กุญแจเลือกควบคุมที่ด้านล่าง/ปิด/ควบคุมที่กระเช้า

9. ปุ่มสวิทช์หยุดฉุกเฉิน

10. ปุ่มเตือนการยกน้ำหนักเกินที่กำหนด (เสริม)

11. มาตรวัดชั่วโมงการทำงาน

12. สวิทช์อุ่นเครื่องยนต์เตรียมสตาร์ท

13. สวิทช์ควบคุมการทำงานที่แผงด้านล่างทั้งหมด

14. สวิทช์สตาร์ทเครื่องยนต์ (IC,Bi-energy)

15. สวิทช์ควบคุมการขึ้น-ลงแขนบูมท่อน 2 (ท่อนล่าง)

16. เบรกเกอร์ 10 แอมป์สาหรับแผงควบคุมไฟฟ้า

17. สวิทช์ควบคุมการขึ้น-ลงแขนจิ๊บท่อน 3 (เสริม)

18. สวิทช์ควบคุมการขึ้น-ลงของกระเช้า

",,2021-04-06 16:03:51,tips,https://token-thailand.local/tips/%e0%b8%9b%e0%b8%b8%e0%b9%88%e0%b8%a1%e0%b9%81%e0%b8%a5%e0%b8%b0%e0%b8%aa%e0%b8%a7%e0%b8%b4%e0%b8%97%e0%b8%8a%e0%b9%8c%e0%b8%84%e0%b8%a7%e0%b8%9a%e0%b8%84%e0%b8%b8%e0%b8%a1%e0%b8%a5%e0%b8%b4%e0%b8%9f/,2497,th,https://token-thailand.local/wp-content/uploads/2021/04/tips-14.jpg|https://token-thailand.local/wp-content/uploads/2021/04/tips-14.jpg,ปุ่มและสวิทช์ควบคุมลิฟท์กระเช้า รถกระเช้าบูมลิฟท์ รุ่น Genie Z45/25J DC ปุ่มและสวิทช์ควบคุมด้านล่าง|ปุ่มและสวิทช์ควบคุมลิฟท์กระเช้า รถกระเช้าบูมลิฟท์ รุ่น Genie Z45/25J DC ปุ่มและสวิทช์ควบคุมด้านล่าง,|,|,ปุ่มและสวิทช์ควบคุม Genie Z45/25J DC|,,https://token-thailand.local/wp-content/uploads/2021/04/tips-14.pdf|https://token-thailand.local/wp-content/uploads/2021/04/tips-14.pdf,"{""total"":394,""to_translate"":{""ja"":394}}",,,,,,,,field_606c0899a5873,1,,,,,,,,,,publish,1,tokenweb,t-gondo@token-thailand.local,,,%e0%b8%9b%e0%b8%b8%e0%b9%88%e0%b8%a1%e0%b9%81%e0%b8%a5%e0%b8%b0%e0%b8%aa%e0%b8%a7%e0%b8%b4%e0%b8%97%e0%b8%8a%e0%b9%8c%e0%b8%84%e0%b8%a7%e0%b8%9a%e0%b8%84%e0%b8%b8%e0%b8%a1%e0%b8%a5%e0%b8%b4%e0%b8%9f,,,0,0,0,closed,closed,2022-11-03 4:45:30,,,,,,,,,,,boom_lift,https://token-thailand.local/wp-content/uploads/2021/04/tips-14.jpg,https://token-thailand.local/wp-content/uploads/2021/04/tips-14.pdf,https://token-thailand.local/wp-content/uploads/2021/04/tips-14.jpg,,,,,,,,
2500,ปุ่มและสวิทช์ควบคุมด้านบนกระเช้า รถกระเช้าบูมลิฟท์ รุ่น Genie Z45/25J DC,"

1. ปุ่มสัญญาณแตร

2. สวิทช์ระบบไฟสำรอง

3. สัญญาณไฟสีแดงเตือนให้ใช้ Drive Enable

4. สวิทช์ Drive Enable ใช้เมื่อหมุนฐานเกิน 90 องศา จากจุดปกติเพื่อเตือนการหลงทิศทางในการเคลื่อนที่

5. สวิทช์ควบคุมการขึ้น-ลงของ Jib (เสริม)

6. สวิทช์ควบคุมการหมุนซ้าย-ขวาของกระเช้า

7. สวิทช์ควบคุมการหมุนขึ้น-ลงของกระเช้า

8. ไม่ใช้

18. สวิทช์ควบคุมการขึ้น-ลงแขนบูมท่อน1 (ท่อนบน)

19. สวิทช์ควบคุมการขึ้น-ลงแขนบูมท่อน2 (ท่อนล่าง)

20. สวิทช์ควบคุมการหมุนฐานเครื่อง

21. ตัวบอกระดับกำลังไฟของแบตเตอรี่

",,2021-04-06 16:07:14,tips,https://token-thailand.local/tips/%e0%b8%9b%e0%b8%b8%e0%b9%88%e0%b8%a1%e0%b9%81%e0%b8%a5%e0%b8%b0%e0%b8%aa%e0%b8%a7%e0%b8%b4%e0%b8%97%e0%b8%8a%e0%b9%8c%e0%b8%84%e0%b8%a7%e0%b8%9a%e0%b8%84%e0%b8%b8%e0%b8%a1%e0%b8%94%e0%b9%89%e0%b8%b2-2/,2500,th,https://token-thailand.local/wp-content/uploads/2021/04/tips-15.jpg|https://token-thailand.local/wp-content/uploads/2021/04/tips-15.jpg,ปุ่มและสวิทช์ควบคุมด้านบนกระเช้า รถกระเช้าบูมลิฟท์ รุ่น Genie Z45/25J DC|ปุ่มและสวิทช์ควบคุมด้านบนกระเช้า รถกระเช้าบูมลิฟท์ รุ่น Genie Z45/25J DC,|,|,บูมลิฟท์ รุ่น Genie Z45/25J DC|,,https://token-thailand.local/wp-content/uploads/2021/04/tips-15.pdf|https://token-thailand.local/wp-content/uploads/2021/04/tips-15.pdf,"{""total"":271,""to_translate"":{""ja"":271}}",,,,,,,,field_606c0899a5873,1,,,,,,,,,,publish,1,tokenweb,t-gondo@token-thailand.local,,,%e0%b8%9b%e0%b8%b8%e0%b9%88%e0%b8%a1%e0%b9%81%e0%b8%a5%e0%b8%b0%e0%b8%aa%e0%b8%a7%e0%b8%b4%e0%b8%97%e0%b8%8a%e0%b9%8c%e0%b8%84%e0%b8%a7%e0%b8%9a%e0%b8%84%e0%b8%b8%e0%b8%a1%e0%b8%94%e0%b9%89%e0%b8%b2-2,,,0,0,0,closed,closed,2022-11-03 4:45:30,,,,,,,,,,,boom_lift,https://token-thailand.local/wp-content/uploads/2021/04/tips-15.jpg,https://token-thailand.local/wp-content/uploads/2021/04/tips-15.pdf,https://token-thailand.local/wp-content/uploads/2021/04/tips-15.jpg,,,,,,,,
2503,ปุ่มและสวิทช์ควบคุมด้านบนกระเช้า รถกระเช้าบูมลิฟท์ รุ่นGenie Z45/25J DC,"

8. ไม่ใช้

9. สวิทช์อุ่นเครื่องยนต์เตรียมสตาร์ท (เครื่องยนต์)

10. สวิทช์สตาร์ทเครื่องยนต์ (เครื่องยนต์)

11. ปรับความเร็วรอบเครื่องยนต์ ถอยหลังและควบคุมการเลี้ยวซ้าย-ขวา

12. สัญญาณเตือนการยกน้ำหนักเกินที่กำหนด (เสริม)

13. สัญญาณเตือนการไม่ได้ระดับของเครื่อง (เสริม)

14. ปุ่มสวิทช์หยุดฉุกเฉิน

15. คันโยก Joy-Stick ควบคุมการเคลื่อนที่เดินหน้า

16. สวิทช์หมุนควบคุมความเร็วในการเคลื่อนที่ของแขนบูม

17. สวิทช์ควบคุมการยืด-หดของแขนบูมท่อนที่1

",,2021-04-07 0:14:41,tips,https://token-thailand.local/tips/%e0%b8%9b%e0%b8%b8%e0%b9%88%e0%b8%a1%e0%b9%81%e0%b8%a5%e0%b8%b0%e0%b8%aa%e0%b8%a7%e0%b8%b4%e0%b8%97%e0%b8%8a%e0%b9%8c%e0%b8%84%e0%b8%a7%e0%b8%9a%e0%b8%84%e0%b8%b8%e0%b8%a1%e0%b8%94%e0%b9%89%e0%b8%b2-3/,2503,th,https://token-thailand.local/wp-content/uploads/2021/04/tips-16.jpg|https://token-thailand.local/wp-content/uploads/2021/04/tips-16.jpg,ปุ่มและสวิทช์ควบคุมด้านบนกระเช้า รถกระเช้าบูมลิฟท์ รุ่นGenie Z45/25J DC|ปุ่มและสวิทช์ควบคุมด้านบนกระเช้า รถกระเช้าบูมลิฟท์ รุ่นGenie Z45/25J DC,|,|,รถกระเช้าบูมลิฟท์ รุ่นGenie Z45/25J DC|,,https://token-thailand.local/wp-content/uploads/2021/04/tips-16.pdf|https://token-thailand.local/wp-content/uploads/2021/04/tips-16.pdf,"{""total"":260,""to_translate"":{""ja"":260}}",,,,,,,,field_606c0899a5873,1,,,,,,,,,,publish,1,tokenweb,t-gondo@token-thailand.local,,,%e0%b8%9b%e0%b8%b8%e0%b9%88%e0%b8%a1%e0%b9%81%e0%b8%a5%e0%b8%b0%e0%b8%aa%e0%b8%a7%e0%b8%b4%e0%b8%97%e0%b8%8a%e0%b9%8c%e0%b8%84%e0%b8%a7%e0%b8%9a%e0%b8%84%e0%b8%b8%e0%b8%a1%e0%b8%94%e0%b9%89%e0%b8%b2-3,,,0,0,0,closed,closed,2022-11-03 4:45:30,,,,,,,,,,,boom_lift,https://token-thailand.local/wp-content/uploads/2021/04/tips-16.jpg,https://token-thailand.local/wp-content/uploads/2021/04/tips-16.pdf,https://token-thailand.local/wp-content/uploads/2021/04/tips-16.jpg,,,,,,,,
2506,คุณลักษณะของลิฟท์กระเช้า รถกระเช้าขากรรไกร X-Lift รุ่น JLG 3246ES,"

1. ชุดคอนโทรลด้านบน

2. ชุดคอนโทรลด้านล่าง

3. ชุดจอแสดง ระดับไฟขณะชาร์จ/ชั่วโมงการทำงาน/รหัสแจ้งข้อผิดพลาดของเครื่อง

4. ปลั๊กชาร์จเจอร์สาหรับชาร์จแบตเตอรี่

5. ชุดแมนนวลวาล์ว(ทาหน้าที่ลดระดับกระเช้า หากฉุกเฉิน)

6. ปลั๊กพ่วงไฟ ขึ้นบนกระเช้า

7. ชุดแขนค้ำยัน เมื่อเข้าเซอร์วิสภายในขากรรไกร

8. กล่องเก็บคู่มือความปลอดภัยและการใช้งาน

9. กระบอกไฮดรอลิคชุดเลี้ยว

10. ล้อเลี้ยว

11. Pot-Hole-Protection

12. แบตเตอรี่

13. ล้อหลัง

14. ไฟกระพริบ

15. ปั๊มและมอเตอร์ไฮดรอลิค

16. กระบอกไฮดรอลิคชุดขากรรไกร

",,2021-04-07 0:18:10,tips,https://token-thailand.local/tips/%e0%b8%84%e0%b8%b8%e0%b8%93%e0%b8%a5%e0%b8%b1%e0%b8%81%e0%b8%a9%e0%b8%93%e0%b8%b0%e0%b8%82%e0%b8%ad%e0%b8%87%e0%b8%a5%e0%b8%b4%e0%b8%9f%e0%b8%97%e0%b9%8c%e0%b8%81%e0%b8%a3%e0%b8%b0%e0%b9%80%e0%b8%8a/,2506,th,https://token-thailand.local/wp-content/uploads/2021/04/tips-17.jpg|https://token-thailand.local/wp-content/uploads/2021/04/tips-17.jpg,คุณลักษณะของลิฟท์กระเช้า รถกระเช้าขากรรไกร X-Lift รุ่น JLG 3246ES|คุณลักษณะของลิฟท์กระเช้า รถกระเช้าขากรรไกร X-Lift รุ่น JLG 3246ES,|,|,X-Lift รุ่น JLG 3246ES|,,https://token-thailand.local/wp-content/uploads/2021/04/tips-17.pdf|https://token-thailand.local/wp-content/uploads/2021/04/tips-17.pdf,"{""total"":278,""to_translate"":{""ja"":278}}",,,,,,,,field_606c0899a5873,1,,,,,,,,,,publish,1,tokenweb,t-gondo@token-thailand.local,,,%e0%b8%84%e0%b8%b8%e0%b8%93%e0%b8%a5%e0%b8%b1%e0%b8%81%e0%b8%a9%e0%b8%93%e0%b8%b0%e0%b8%82%e0%b8%ad%e0%b8%87%e0%b8%a5%e0%b8%b4%e0%b8%9f%e0%b8%97%e0%b9%8c%e0%b8%81%e0%b8%a3%e0%b8%b0%e0%b9%80%e0%b8%8a,,,0,0,0,closed,closed,2022-11-03 4:45:30,,,,,,,,,,,scissors_lift,https://token-thailand.local/wp-content/uploads/2021/04/tips-17.jpg,https://token-thailand.local/wp-content/uploads/2021/04/tips-17.pdf,https://token-thailand.local/wp-content/uploads/2021/04/tips-17.jpg,,,,,,,,
2509,ปุ่มควบคุม รถลิฟท์กระเช้าแบบกรรไกร JLG 3246ES,"<strong> ปุ่มควบคุมด้านล่าง </strong>

1. สวิทช์กุญแจเลือกการคอนโทรล บนกระเช้า/ปิดเครื่อง/ที่ตัวลิฟท์ด้านล่าง

2. สวิทช์คอนโทรลการ ขึ้น/ลง ของกระเช้า

3. อีเมอร์เจนซี่ สต็อป

4. ไฟแสดงเตือนน้ำหนักเกิน

5. เบรกเกอร์ 10 A

6. ชั่วโมงการทำงาน

7. ไฟแสดงสถานะ ระดับแบตเตอรี่ / ข้อผิดพลาดของการชาร์จ

<strong> เมื่อต้องการควบคุมที่ด้านล่าง (Ground Control) </strong>

1. บิดหมุนสวิทช์กุญแจ (หมายเลข 1) จากตาแหน่ง OFF ไปยังด้านขวามือ (รูปฐานลิฟท์)

2. ดึงอีเมอร์เจนซี่ (หมายเลข 3) ขึ้น และดึงอีเมอร์เจนซี่ที่คอนโทรลบนกระเช้า

3. โยกสวิทช์หมายเลข 2 ในทิศทางโยกขึ้นเมื่อต้องการควบคุมให้กระเช้ายกสูงขึ้น หรือ โยกสวิทช์หมายเลข 2 ในทิศทางลงเมื่อต้องการบังคับให้กระเช้าลงมา

4. เมื่อเลิกใช้งานให้กดปุ่มฉุกเฉิน (หมายเลข 4) ลงเพื่อความปลอดภัย และบิดสวิทช์กุญแจ มาตำแหน่งปิด

",,2021-04-07 0:23:56,tips,https://token-thailand.local/tips/%e0%b8%9b%e0%b8%b8%e0%b9%88%e0%b8%a1%e0%b8%84%e0%b8%a7%e0%b8%9a%e0%b8%84%e0%b8%b8%e0%b8%a1-%e0%b8%a3%e0%b8%96%e0%b8%a5%e0%b8%b4%e0%b8%9f%e0%b8%97%e0%b9%8c%e0%b8%81%e0%b8%a3%e0%b8%b0%e0%b9%80%e0%b8%8a/,2509,th,https://token-thailand.local/wp-content/uploads/2021/04/tips-18.jpg|https://token-thailand.local/wp-content/uploads/2021/04/tips-18.jpg,ปุ่มควบคุม รถลิฟท์กระเช้าแบบกรรไกร JLG 3246ES|ปุ่มควบคุม รถลิฟท์กระเช้าแบบกรรไกร JLG 3246ES,|,|,ปุ่มควบคุม JLG 3246ES|,,https://token-thailand.local/wp-content/uploads/2021/04/tips-18.pdf|https://token-thailand.local/wp-content/uploads/2021/04/tips-18.pdf,"{""total"":374,""to_translate"":{""ja"":374}}",,,,,,,,field_606c0899a5873,1,,,,,,,,,,publish,1,tokenweb,t-gondo@token-thailand.local,,,%e0%b8%9b%e0%b8%b8%e0%b9%88%e0%b8%a1%e0%b8%84%e0%b8%a7%e0%b8%9a%e0%b8%84%e0%b8%b8%e0%b8%a1-%e0%b8%a3%e0%b8%96%e0%b8%a5%e0%b8%b4%e0%b8%9f%e0%b8%97%e0%b9%8c%e0%b8%81%e0%b8%a3%e0%b8%b0%e0%b9%80%e0%b8%8a,,,0,0,0,closed,closed,2022-11-03 4:45:30,,,,,,,,,,,scissors_lift,https://token-thailand.local/wp-content/uploads/2021/04/tips-18.jpg,https://token-thailand.local/wp-content/uploads/2021/04/tips-18.pdf,https://token-thailand.local/wp-content/uploads/2021/04/tips-18.jpg,,,,,,,,
2513,ปุ่มคอนโทรลด้านบนกระเช้า  รถกระเช้าขากรรไกร X-Lift รุ่น JLG3246ES,"<strong> ปุ่มคอนโทรลด้านบนกระเช้า </strong>

1 ปุ่มเลือกการใช้งานภายใน/ภายนอก

2 ไฟแสดงเลือกทางานภายใน (ไม่มีลม)

3 ไฟแสดงเลือกทางานภายนอก (มีลม)

4 ไฟสัญญาณเตือนระบบเครื่องผิดปกติ

5 LCD แสดงระดับแบตเตอรี่

6 ไฟเตือนเครื่องจักรอยู่ในทางลาดเอียง

7 ไฟสัญญาณเตือนน้ำหนักเกิน

8 ปุ่มเลือกฟังก์ชั่นลิฟท์ หรือ ขับเคลื่อน

9 ปุ่มแตร

10 ปุ่มคอนโทรลเลี้ยว ซ้าย/ขวา

11 จอยคอนโทรล ฟังก์ชั่น ลิฟท์/เคลื่อนที่

12 สติกเกอร์บอกทิศทาง

13 อีเมอร์เจนซี่ หยุดการทำงาน

14 ปุ่มเริ่มการทำงาน

15 ลำโพงสัญญาณเตือน

",,2021-04-07 0:28:05,tips,https://token-thailand.local/tips/%e0%b8%9b%e0%b8%b8%e0%b9%88%e0%b8%a1%e0%b8%84%e0%b8%ad%e0%b8%99%e0%b9%82%e0%b8%97%e0%b8%a3%e0%b8%a5%e0%b8%94%e0%b9%89%e0%b8%b2%e0%b8%99%e0%b8%9a%e0%b8%99%e0%b8%81%e0%b8%a3%e0%b8%b0%e0%b9%80%e0%b8%8a/,2513,th,https://token-thailand.local/wp-content/uploads/2021/04/tips-19.jpg|https://token-thailand.local/wp-content/uploads/2021/04/tips-19.jpg,ปุ่มคอนโทรลด้านบนกระเช้า  รถกระเช้าขากรรไกร X-Lift รุ่น JLG3246ES|ปุ่มคอนโทรลด้านบนกระเช้า  รถกระเช้าขากรรไกร X-Lift รุ่น JLG3246ES,|,|,การเช็คระดับแบตเตอรี่ JLG 3246ES|,,https://token-thailand.local/wp-content/uploads/2021/04/tips-19.pdf|https://token-thailand.local/wp-content/uploads/2021/04/tips-19.pdf,"{""total"":274,""to_translate"":{""ja"":274}}",,,,,,,,field_606c0899a5873,1,,,,,,,,,,publish,1,tokenweb,t-gondo@token-thailand.local,,,%e0%b8%9b%e0%b8%b8%e0%b9%88%e0%b8%a1%e0%b8%84%e0%b8%ad%e0%b8%99%e0%b9%82%e0%b8%97%e0%b8%a3%e0%b8%a5%e0%b8%94%e0%b9%89%e0%b8%b2%e0%b8%99%e0%b8%9a%e0%b8%99%e0%b8%81%e0%b8%a3%e0%b8%b0%e0%b9%80%e0%b8%8a,,,0,0,0,closed,closed,2022-11-03 4:45:29,,,,,,,,,,,scissors_lift,https://token-thailand.local/wp-content/uploads/2021/04/tips-19.jpg,https://token-thailand.local/wp-content/uploads/2021/04/tips-19.pdf,https://token-thailand.local/wp-content/uploads/2021/04/tips-19.jpg,,,,,,,,
2516,ตัวบอกระดับแบตเตอรี่ และ การเช็คระดับแบตเตอรี่ JLG 3246ES,"<strong> ตัวบอกระดับแบตเตอรี่ และ บอกรหัสผิดพลาด </strong>

1. ตำแหน่ง MDI

2. ตำแหน่งแสดงรหัสข้อผิดพลาด

3. สัญญลักษณ์แสดงข้อผิดพลาด

4. LED แสดงข้อผิดพลาด

5. LED แสดงระดับแบตเตอรี่

<strong> การเช็คระดับแบตเตอรี่ </strong>

จากคอนโทรลบนกระเช้า ตำแหน่งหมายเลข 5 สามารถดูระดับแบตเตอรี่ได้โดย ไฟจะแสดงทุกดวงและลดระดับลงเมื่อแบตเตอรี่เหลือน้อยลงจะดับจากขวาไปซ้าย โดยหากเหลือไฟแดงดวงเดี่ยว ไฟจะเหลือ ระดับ 20% แต่หากไฟแดงกระพริบ เครื่องจะสามารถใช้ต่อได้อีกประมาณ 10 นาที

",,2021-04-07 0:30:13,tips,https://token-thailand.local/tips/%e0%b8%95%e0%b8%b1%e0%b8%a7%e0%b8%9a%e0%b8%ad%e0%b8%81%e0%b8%a3%e0%b8%b0%e0%b8%94%e0%b8%b1%e0%b8%9a%e0%b9%81%e0%b8%9a%e0%b8%95%e0%b9%80%e0%b8%95%e0%b8%ad%e0%b8%a3%e0%b8%b5%e0%b9%88-%e0%b9%81%e0%b8%a5/,2516,th,https://token-thailand.local/wp-content/uploads/2021/04/tips-20.jpg|https://token-thailand.local/wp-content/uploads/2021/04/tips-20.jpg,ตัวบอกระดับแบตเตอรี่ และ การเช็คระดับแบตเตอรี่ JLG 3246ES|ตัวบอกระดับแบตเตอรี่ และ การเช็คระดับแบตเตอรี่ JLG 3246ES,|,|,การเช็คระดับแบตเตอรี่ JLG 3246ES|,,https://token-thailand.local/wp-content/uploads/2021/04/tips-20.pdf|https://token-thailand.local/wp-content/uploads/2021/04/tips-20.pdf,"{""total"":255,""to_translate"":{""ja"":255}}",,,,,,,,field_606c0899a5873,1,,,,,,,,,,publish,1,tokenweb,t-gondo@token-thailand.local,,,%e0%b8%95%e0%b8%b1%e0%b8%a7%e0%b8%9a%e0%b8%ad%e0%b8%81%e0%b8%a3%e0%b8%b0%e0%b8%94%e0%b8%b1%e0%b8%9a%e0%b9%81%e0%b8%9a%e0%b8%95%e0%b9%80%e0%b8%95%e0%b8%ad%e0%b8%a3%e0%b8%b5%e0%b9%88-%e0%b9%81%e0%b8%a5,,,0,0,0,closed,closed,2022-11-03 4:45:29,,,,,,,,,,,scissors_lift,https://token-thailand.local/wp-content/uploads/2021/04/tips-20.jpg,https://token-thailand.local/wp-content/uploads/2021/04/tips-20.pdf,https://token-thailand.local/wp-content/uploads/2021/04/tips-20.jpg,,,,,,,,
2519,การใช้งานและการบำรุงรักษา รถกระเช้าขากรรไกร X-Lift รุ่น JLG 3246ES,"<strong> ปุ่มลดระดับสำรองสาหรับเหตุการณ์ฉุกเฉิน </strong>

ดึงก้านดึงสีแดงที่อยู่ที่ฐานกระเช้าใกล้บันไดปีนทางขึ้นกระเช้า เมื่อต้องการลดระดับในกรณีฉุกเฉิน หรือใช้เมื่อต้องการใช้การลดระดับสำรอง (ระวังอย่าดึงแรงจนเกินไป)

<strong> วิธีการยืดชุดกระเช้า </strong>

1. เหยียบตัวปลดล็อกชุดเลื่อนกระเช้า ที่ลูกศรหมายเลข 2

2. ใช้มือจับที่ราวกระเช้า ดันไปในทิศทางด้านหน้า ให้ได้ระยะที่ต้องการและล็อกในตำแหน่งล็อกหมายเลข 3

<strong> วิธีการพับชุดราวกระเช้า </strong>

1. ทำปลดตัวล็อกตามหมายเลข 1 และ 2

2. ทำการพับราวกระเช้าตามลำดับหมายเลข

",,2021-04-07 0:34:30,tips,https://token-thailand.local/tips/%e0%b8%81%e0%b8%b2%e0%b8%a3%e0%b9%83%e0%b8%8a%e0%b9%89%e0%b8%87%e0%b8%b2%e0%b8%99%e0%b9%81%e0%b8%a5%e0%b8%b0%e0%b8%81%e0%b8%b2%e0%b8%a3%e0%b8%9a%e0%b8%b3%e0%b8%a3%e0%b8%b8%e0%b8%87%e0%b8%a3%e0%b8%b1/,2519,th,https://token-thailand.local/wp-content/uploads/2021/04/tips-21.jpg|https://token-thailand.local/wp-content/uploads/2021/04/tips-21-1.jpg|https://token-thailand.local/wp-content/uploads/2021/04/tips-21.jpg|https://token-thailand.local/wp-content/uploads/2021/04/tips-21-1.jpg,การใช้งานและการบำรุงรักษา รถกระเช้าขากรรไกร X-Lift รุ่น JLG 3246ES|การใช้งานและการบำรุงรักษา รถกระเช้าขากรรไกร X-Lift รุ่น JLG 3246ES|การใช้งานและการบำรุงรักษา รถกระเช้าขากรรไกร X-Lift รุ่น JLG 3246ES|การใช้งานและการบำรุงรักษา รถกระเช้าขากรรไกร X-Lift รุ่น JLG 3246ES,|||,|||,|การบำรุงรักษา X-Lift รุ่น JLG 3246ES||,,https://token-thailand.local/wp-content/uploads/2021/04/tips-22.pdf|https://token-thailand.local/wp-content/uploads/2021/04/tips-21.pdf|https://token-thailand.local/wp-content/uploads/2021/04/tips-22.pdf|https://token-thailand.local/wp-content/uploads/2021/04/tips-21.pdf,"{""total"":284,""to_translate"":{""ja"":284}}",,,,,,,,field_606c0899a5873,1,,,,,,,,,,publish,1,tokenweb,t-gondo@token-thailand.local,,,%e0%b8%81%e0%b8%b2%e0%b8%a3%e0%b9%83%e0%b8%8a%e0%b9%89%e0%b8%87%e0%b8%b2%e0%b8%99%e0%b9%81%e0%b8%a5%e0%b8%b0%e0%b8%81%e0%b8%b2%e0%b8%a3%e0%b8%9a%e0%b8%b3%e0%b8%a3%e0%b8%b8%e0%b8%87%e0%b8%a3%e0%b8%b1,,,0,0,0,closed,closed,2022-11-03 4:45:29,,,,,,,,,,,scissors_lift,https://token-thailand.local/wp-content/uploads/2021/04/tips-21-1.jpg,https://token-thailand.local/wp-content/uploads/2021/04/tips-21.pdf,https://token-thailand.local/wp-content/uploads/2021/04/tips-21-1.jpg,,,,,,,,
2525,การใช้งานสำหรับเหตุการณ์ฉุกเฉิน รถกระเช้าขากรรไกร X-Lift รุ่น JLG 3246ES ,"<strong> ปุ่มลดระดับสำรองสาหรับเหตุการณ์ฉุกเฉิน </strong>

ดึงก้านดึงสีแดงที่อยู่ที่ฐานกระเช้าใกล้บันไดปีนทางขึ้นกระเช้า เมื่อต้องการลดระดับในกรณีฉุกเฉิน หรือใช้เมื่อต้องการใช้การลดระดับสำรอง (ระวังอย่าดึงแรงจนเกินไป)

<strong> วิธีการยืดชุดกระเช้า </strong>

1. เหยียบตัวปลดล็อกชุดเลื่อนกระเช้า ที่ลูกศรหมายเลข 2

2. ใช้มือจับที่ราวกระเช้า ดันไปในทิศทางด้านหน้า ให้ได้ระยะที่ต้องการและล็อกในตำแหน่งล็อกหมายเลข 3

<strong> วิธีการพับชุดราวกระเช้า </strong>

1. ทำปลดตัวล็อกตามหมายเลข 1 และ 2

2. ทำการพับราวกระเช้าตามลำดับหมายเลข

",,2021-04-07 1:34:11,tips,https://token-thailand.local/tips/%e0%b8%81%e0%b8%b2%e0%b8%a3%e0%b9%83%e0%b8%8a%e0%b9%89%e0%b8%87%e0%b8%b2%e0%b8%99%e0%b8%aa%e0%b8%b3%e0%b8%ab%e0%b8%a3%e0%b8%b1%e0%b8%9a%e0%b9%80%e0%b8%ab%e0%b8%95%e0%b8%b8%e0%b8%81%e0%b8%b2%e0%b8%a3/,2525,th,https://token-thailand.local/wp-content/uploads/2021/04/tips-22.jpg|https://token-thailand.local/wp-content/uploads/2021/04/tips-22.jpg,การใช้งานสำหรับเหตุการณ์ฉุกเฉิน รถกระเช้าขากรรไกร X-Lift รุ่น JLG 3246ES|การใช้งานสำหรับเหตุการณ์ฉุกเฉิน รถกระเช้าขากรรไกร X-Lift รุ่น JLG 3246ES,|,|,รถกระเช้าขากรรไกร X-Lift รุ่น JLG 3246ES|,,https://token-thailand.local/wp-content/uploads/2021/04/tips-22-1.pdf|https://token-thailand.local/wp-content/uploads/2021/04/tips-22-1.pdf,"{""total"":287,""to_translate"":{""ja"":287}}",,,,,,,,field_606c0899a5873,1,,,,,,,,,,publish,1,tokenweb,t-gondo@token-thailand.local,,,%e0%b8%81%e0%b8%b2%e0%b8%a3%e0%b9%83%e0%b8%8a%e0%b9%89%e0%b8%87%e0%b8%b2%e0%b8%99%e0%b8%aa%e0%b8%b3%e0%b8%ab%e0%b8%a3%e0%b8%b1%e0%b8%9a%e0%b9%80%e0%b8%ab%e0%b8%95%e0%b8%b8%e0%b8%81%e0%b8%b2%e0%b8%a3,,,0,0,0,closed,closed,2022-11-03 4:45:29,,,,,,,,,,,scissors_lift,https://token-thailand.local/wp-content/uploads/2021/04/tips-22.jpg,https://token-thailand.local/wp-content/uploads/2021/04/tips-22-1.pdf,https://token-thailand.local/wp-content/uploads/2021/04/tips-22.jpg,,,,,,,,
2532,สิ่งที่ต้องระวังสำหรับงานติดตั้งไฟฟ้าโดยใช้รถกระเช้าโทเคน,"
<h3 class=tips_sstit"">เกี่ยวกับตัวกระเช้าไฟเบอร์</h3>",,,,,,,,,,,,,,,,,,,,,,,,,,,,,,,,,,,,,,,,,,,,,,,,,,,,,,,,,,,,,,,,,,,,,
<ol>,,,,,,,,,,,,,,,,,,,,,,,,,,,,,,,,,,,,,,,,,,,,,,,,,,,,,,,,,,,,,,,,,,,,,,,
,<li>ตัวกระเช้าประกอบไปด้วย 2 อย่าง 1.ไฟเบอร์ 2.เหล็ก ถึงแม้ว่าตัวกระเช้าไฟเบอร์ทำด้วยวัสดุทนต่อกระแสไฟฟ้า แต่ไม่สามารถสัมผัสหรือถูกสายไฟฟ้าได้โดยตรง</li>,,,,,,,,,,,,,,,,,,,,,,,,,,,,,,,,,,,,,,,,,,,,,,,,,,,,,,,,,,,,,,,,,,,,,,
,<li>ถึงแม้จะใช้กระเช้าไฟเบอร์ แต่ต้องมีระยะการทำงานห่างจากสายไฟอย่างน้อย 3 เมตร หรือจะต้องใช้ไม้ดึงหม้อแปลงเพื่อตัดไฟก่อนเริ่มการทำงาน</li>,,,,,,,,,,,,,,,,,,,,,,,,,,,,,,,,,,,,,,,,,,,,,,,,,,,,,,,,,,,,,,,,,,,,,,
,<li>เมื่อเข้าใกล้สายไฟฟ้าแรงสูง อาจจะเกิดอันตรายถึงชีวิตได้ ห้ามเข้าใกล้สายไฟฟ้าแรงสูง</li>,,,,,,,,,,,,,,,,,,,,,,,,,,,,,,,,,,,,,,,,,,,,,,,,,,,,,,,,,,,,,,,,,,,,,,
</ol>,,,,,,,,,,,,,,,,,,,,,,,,,,,,,,,,,,,,,,,,,,,,,,,,,,,,,,,,,,,,,,,,,,,,,,,
"<h3 class=""tips_sstit"">เกี่ยวกับสายดิน</h3>",,,,,,,,,,,,,,,,,,,,,,,,,,,,,,,,,,,,,,,,,,,,,,,,,,,,,,,,,,,,,,,,,,,,,,,
<ol>,,,,,,,,,,,,,,,,,,,,,,,,,,,,,,,,,,,,,,,,,,,,,,,,,,,,,,,,,,,,,,,,,,,,,,,
,<li>โดยทั่วไป กระแสไฟจะวิ่งเข้าตัวกระเช้าตลอดเวลา เมื่อพนักงานสัมผัสตัวรถอาจจะโดนไฟฟ้าสถิตได้</li>,,,,,,,,,,,,,,,,,,,,,,,,,,,,,,,,,,,,,,,,,,,,,,,,,,,,,,,,,,,,,,,,,,,,,,
,<li>ควรติดตั้งสายดิน เพื่อระบายกระแสไฟฟ้าจากตัวรถลงสู่ดิน จะติดตั้งส่วนไหนของตัวรถก็ได้</li>,,,,,,,,,,,,,,,,,,,,,,,,,,,,,,,,,,,,,,,,,,,,,,,,,,,,,,,,,,,,,,,,,,,,,,
</ol>,,,,,,,,,,,,,,,,,,,,,,,,,,,,,,,,,,,,,,,,,,,,,,,,,,,,,,,,,,,,,,,,,,,,,,,
※ดังนั้นในกรณีที่เกิดอุบัติเหตุจากไฟดูด ทางโทเคนไม่สามารถรับผิดชอบความเสียหายที่เกิดขึ้นได้,,,,,,,,,,,,,,,,,,,,,,,,,,,,,,,,,,,,,,,,,,,,,,,,,,,,,,,,,,,,,,,,,,,,,,,
,,,,,,,,,,,,,,,,,,,,,,,,,,,,,,,,,,,,,,,,,,,,,,,,,,,,,,,,,,,,,,,,,,,,,,,
"""",,2021-04-09 2:48:51,tips,https://token-thailand.local/tips/%e0%b8%aa%e0%b8%b4%e0%b9%88%e0%b8%87%e0%b8%97%e0%b8%b5%e0%b9%88%e0%b8%95%e0%b9%89%e0%b8%ad%e0%b8%87%e0%b8%a3%e0%b8%b0%e0%b8%a7%e0%b8%b1%e0%b8%87%e0%b8%aa%e0%b8%b3%e0%b8%ab%e0%b8%a3%e0%b8%b1%e0%b8%9a/,2532,th,https://token-thailand.local/wp-content/uploads/2021/04/tips_dl01_t-1.png|https://token-thailand.local/wp-content/uploads/2021/04/tips_dl01_t-1.png,สิ่งที่ต้องระวังสำหรับงานติดตั้งไฟฟ้าโดยใช้รถกระเช้าโทเคน|สิ่งที่ต้องระวังสำหรับงานติดตั้งไฟฟ้าโดยใช้รถกระเช้าโทเคน,|,|,งานติดตั้งไฟฟ้าโดยใช้รถกระเช้า|,,https://token-thailand.local/wp-content/uploads/2021/04/tips_dl01_t.pdf|https://token-thailand.local/wp-content/uploads/2021/04/tips_dl01_t.pdf,"{""total"":389,""to_translate"":{""ja"":389}}",,,,,,,,field_606c0899a5873,1,,,,,,,,,,publish,4,token,contact@tas-c.com,Token,Thailand,%e0%b8%aa%e0%b8%b4%e0%b9%88%e0%b8%87%e0%b8%97%e0%b8%b5%e0%b9%88%e0%b8%95%e0%b9%89%e0%b8%ad%e0%b8%87%e0%b8%a3%e0%b8%b0%e0%b8%a7%e0%b8%b1%e0%b8%87%e0%b8%aa%e0%b8%b3%e0%b8%ab%e0%b8%a3%e0%b8%b1%e0%b8%9a,,,0,0,0,closed,closed,2022-11-03 4:45:29,,,,,,,,,,,skymaster,https://token-thailand.local/wp-content/uploads/2021/04/tips_dl01_t-1.png,https://token-thailand.local/wp-content/uploads/2021/04/tips_dl01_t.pdf,https://token-thailand.local/wp-content/uploads/2021/04/tips_dl01_t-1.png,,,,,,,,,,
2538,วิธีเอาผ้าคลุมล้อรถกระเช้าไฟฟ้า,"
<h3 class=tips_sstit"">การใช้บูมลิฟท์หรือลิฟท์กรรไกรในบางสถานที่</h3>",,,,,,,,,,,,,,,,,,,,,,,,,,,,,,,,,,,,,,,,,,,,,,,,,,,,,,,,,,,,,,,,,,,,,
<ol>,,,,,,,,,,,,,,,,,,,,,,,,,,,,,,,,,,,,,,,,,,,,,,,,,,,,,,,,,,,,,,,,,,,,,,,
,<li>ตัดความยาวผ้าใบ2.5ม.</li>,,,,,,,,,,,,,,,,,,,,,,,,,,,,,,,,,,,,,,,,,,,,,,,,,,,,,,,,,,,,,,,,,,,,,,
,<li>เตรียมเชือก 2 เส้น ความยาว 3.5 ม. พับให้เป็น 3 ส่วน กว้าง 60 ซม.</li>,,,,,,,,,,,,,,,,,,,,,,,,,,,,,,,,,,,,,,,,,,,,,,,,,,,,,,,,,,,,,,,,,,,,,,
,<li>ขับรถให้ล้อมาตำแหน่งตรงกลางของผ้าใบ. ตำแหน่งตรงกลางตามรูป.</li>,,,,,,,,,,,,,,,,,,,,,,,,,,,,,,,,,,,,,,,,,,,,,,,,,,,,,,,,,,,,,,,,,,,,,,
,<li>นำผ้าใบมาคลุมล้อ เจาะรูที่ผ้าใบเพื่อให้สามารถรอยเชือกได้</li>,,,,,,,,,,,,,,,,,,,,,,,,,,,,,,,,,,,,,,,,,,,,,,,,,,,,,,,,,,,,,,,,,,,,,,
,<li>นำเชือกมาร้อยตามรูที่เจาะไว้มัดให้แน่นให้เป็นรูปดาว ด้านหลังให้มัดหลวมๆเพื่อไม่ให้ล้อเสียดสีผ้าใบ</li>,,,,,,,,,,,,,,,,,,,,,,,,,,,,,,,,,,,,,,,,,,,,,,,,,,,,,,,,,,,,,,,,,,,,,,
</ol>,,,,,,,,,,,,,,,,,,,,,,,,,,,,,,,,,,,,,,,,,,,,,,,,,,,,,,,,,,,,,,,,,,,,,,,
"""",,2021-04-09 2:52:59,tips,https://token-thailand.local/tips/%e0%b8%a7%e0%b8%b4%e0%b8%98%e0%b8%b5%e0%b9%80%e0%b8%ad%e0%b8%b2%e0%b8%9c%e0%b9%89%e0%b8%b2%e0%b8%84%e0%b8%a5%e0%b8%b8%e0%b8%a1%e0%b8%a5%e0%b9%89%e0%b8%ad%e0%b8%a3%e0%b8%96%e0%b8%81%e0%b8%a3%e0%b8%b0/,2538,th,https://token-thailand.local/wp-content/uploads/2021/04/tips_dl02_t-1.jpg|https://token-thailand.local/wp-content/uploads/2021/04/tips_dl02_t-1.jpg,วิธีเอาผ้าคลุมล้อรถกระเช้าไฟฟ้า|วิธีเอาผ้าคลุมล้อรถกระเช้าไฟฟ้า,|,|,วิธีคลุมล้อรถกระเช้าไฟฟ้า|,,https://token-thailand.local/wp-content/uploads/2021/04/tips_dl02_t.pdf|https://token-thailand.local/wp-content/uploads/2021/04/tips_dl02_t.pdf,"{""total"":211,""to_translate"":{""ja"":211}}",,,,,,,,field_606c0899a5873,1,,,,,,,,,,publish,4,token,contact@tas-c.com,Token,Thailand,%e0%b8%a7%e0%b8%b4%e0%b8%98%e0%b8%b5%e0%b9%80%e0%b8%ad%e0%b8%b2%e0%b8%9c%e0%b9%89%e0%b8%b2%e0%b8%84%e0%b8%a5%e0%b8%b8%e0%b8%a1%e0%b8%a5%e0%b9%89%e0%b8%ad%e0%b8%a3%e0%b8%96%e0%b8%81%e0%b8%a3%e0%b8%b0,,,0,0,0,closed,closed,2022-11-03 4:45:29,,,,,,,,,,,boom_lift|scissors_lift,https://token-thailand.local/wp-content/uploads/2021/04/tips_dl02_t-1.jpg,https://token-thailand.local/wp-content/uploads/2021/04/tips_dl02_t.pdf,https://token-thailand.local/wp-content/uploads/2021/04/tips_dl02_t-1.jpg,,,,,,,,,,
2546,การใช้ Boom & Scissors Lift อย่างปลอดภัย,"
<h3 class=tips_sstit"">การใช้งาน Boom &amp; Scissors Lift</h3>",,,,,,,,,,,,,,,,,,,,,,,,,,,,,,,,,,,,,,,,,,,,,,,,,,,,,,,,,,,,,,,,,,,,,
ลิฟต์บูมและลิฟท์กรรไกรถูกออกแบบมาให้ทุกคนสามารถใช้งานได้ง่าย ดังนั้นจึงมีการใช้ตามสถานที่ก่อสร้างทั่วโลก แต่ในทางกลับกันก็มีอุบัติเหตุเกิดขึ้นจำนวนมาก ทางโทเคนจึงแนะนำให้ลูกค้าอ่านคู่มือความปลอดภัยนี้อย่างละเอียดก่อนเริ่มใช้งาน,,,,,,,,,,,,,,,,,,,,,,,,,,,,,,,,,,,,,,,,,,,,,,,,,,,,,,,,,,,,,,,,,,,,,,,
"<h3 class=""tips_sstit"">ข้อห้ามในการใช้งาน Boom &amp; Scissors Lift</h3>",,,,,,,,,,,,,,,,,,,,,,,,,,,,,,,,,,,,,,,,,,,,,,,,,,,,,,,,,,,,,,,,,,,,,,,
<ol>,,,,,,,,,,,,,,,,,,,,,,,,,,,,,,,,,,,,,,,,,,,,,,,,,,,,,,,,,,,,,,,,,,,,,,,
,<li>ห้ามยกลิฟต์กระเช้าในขณะที่อยู่ในทางลาดเอียง</li>,,,,,,,,,,,,,,,,,,,,,,,,,,,,,,,,,,,,,,,,,,,,,,,,,,,,,,,,,,,,,,,,,,,,,,
,<li>ห้ามใช้ลิฟต์กระเช้าในขณะมีลมกรรโชกแรง</li>,,,,,,,,,,,,,,,,,,,,,,,,,,,,,,,,,,,,,,,,,,,,,,,,,,,,,,,,,,,,,,,,,,,,,,
,<li>ห้ามเคลื่อนที่ในพื้นที่ที่ไม่เหมาะสมขณะยกลิฟต์อยู่</li>,,,,,,,,,,,,,,,,,,,,,,,,,,,,,,,,,,,,,,,,,,,,,,,,,,,,,,,,,,,,,,,,,,,,,,
,<li>ห้ามบรรทุกสิ่งของที่ยื่นออกนอกกระเช้าหรือใช้แทนเครน</li>,,,,,,,,,,,,,,,,,,,,,,,,,,,,,,,,,,,,,,,,,,,,,,,,,,,,,,,,,,,,,,,,,,,,,,
,<li>ห้ามบรรทุกเกินน้ำหนัก (227กิโลกรัม)</li>,,,,,,,,,,,,,,,,,,,,,,,,,,,,,,,,,,,,,,,,,,,,,,,,,,,,,,,,,,,,,,,,,,,,,,
,<li>ห้ามปีนตัวลิฟต์กระเช้า หรือปีนออกนอกกระเช้า</li>,,,,,,,,,,,,,,,,,,,,,,,,,,,,,,,,,,,,,,,,,,,,,,,,,,,,,,,,,,,,,,,,,,,,,,
,<li>ห้ามทำงานใกล้สายไฟ</li>,,,,,,,,,,,,,,,,,,,,,,,,,,,,,,,,,,,,,,,,,,,,,,,,,,,,,,,,,,,,,,,,,,,,,,
,<li>ต้องทำงานห่างจากสายไฟอย่างน้อย 3 เมตร</li>,,,,,,,,,,,,,,,,,,,,,,,,,,,,,,,,,,,,,,,,,,,,,,,,,,,,,,,,,,,,,,,,,,,,,,
</ol>,,,,,,,,,,,,,,,,,,,,,,,,,,,,,,,,,,,,,,,,,,,,,,,,,,,,,,,,,,,,,,,,,,,,,,,
"""",,2021-04-21 3:34:50,tips,https://token-thailand.local/tips/%e0%b8%81%e0%b8%b2%e0%b8%a3%e0%b9%83%e0%b8%8a%e0%b9%89-boom-scissors-lift-%e0%b8%ad%e0%b8%a2%e0%b9%88%e0%b8%b2%e0%b8%87%e0%b8%9b%e0%b8%a5%e0%b8%ad%e0%b8%94%e0%b8%a0%e0%b8%b1%e0%b8%a2/,2546,th,https://token-thailand.local/wp-content/uploads/2021/04/tips_dl03_t.jpg|https://token-thailand.local/wp-content/uploads/2021/04/tips_dl03_t.jpg,การใช้ Boom & Scissors Lift อย่างปลอดภัย|การใช้ Boom & Scissors Lift อย่างปลอดภัย,|,|,การใช้ Boom & Scissors Lift|,,https://token-thailand.local/wp-content/uploads/2021/04/tips_dl03_t.pdf|https://token-thailand.local/wp-content/uploads/2021/04/tips_dl03_t.pdf,"{""total"":336,""to_translate"":{""ja"":336}}",,,,,,,,field_606c0899a5873,1,,,,,,,,,,publish,4,token,contact@tas-c.com,Token,Thailand,%e0%b8%81%e0%b8%b2%e0%b8%a3%e0%b9%83%e0%b8%8a%e0%b9%89-boom-scissors-lift-%e0%b8%ad%e0%b8%a2%e0%b9%88%e0%b8%b2%e0%b8%87%e0%b8%9b%e0%b8%a5%e0%b8%ad%e0%b8%94%e0%b8%a0%e0%b8%b1%e0%b8%a2,,,0,0,0,closed,closed,2022-11-03 4:45:29,,,,,,,,,,,boom_lift|scissors_lift,https://token-thailand.local/wp-content/uploads/2021/04/tips_dl03_t.jpg,https://token-thailand.local/wp-content/uploads/2021/04/tips_dl03_t.pdf,https://token-thailand.local/wp-content/uploads/2021/04/tips_dl03_t.jpg,,,,,,,,,,
2549,การจอดรถกระเช้าบนพื้นที่ลาดชัน,"
<h3 class=tips_sstit"">พื้นฐานเกี่ยวกับการจัดตำแหน่งรถบนทางลาดเอียง</h3>",,,,,,,,,,,,,,,,,,,,,,,,,,,,,,,,,,,,,,,,,,,,,,,,,,,,,,,,,,,,,,,,,,,,,
ในการจอดรถกระเช้าบนพื้นลาดเอียง จำเป็นจะต้องจัดดูตำแหน่งให้รถจอดขนานกับพื้นราบเพื่อป้องกันการเกิดอุบัติเหตุจากรถไหล ดังนั้นเมื่อทำงานบนทางลาดเอียงควรต้องเรียนรู้พื้นฐานเกี่ยวกับการจัดตำแหน่งรถบนทางลาดเอียง รวมทั้งวิธีการตั้งและการจัดเก็บขาช้างให้เข้าใจเสียก่อน,,,,,,,,,,,,,,,,,,,,,,,,,,,,,,,,,,,,,,,,,,,,,,,,,,,,,,,,,,,,,,,,,,,,,,,
"<h3 class=""tips_sstit"">ขั้นตอนการจอดรถกระเช้าบนพื้นที่ลาดชัน</h3>",,,,,,,,,,,,,,,,,,,,,,,,,,,,,,,,,,,,,,,,,,,,,,,,,,,,,,,,,,,,,,,,,,,,,,,
<ol>,,,,,,,,,,,,,,,,,,,,,,,,,,,,,,,,,,,,,,,,,,,,,,,,,,,,,,,,,,,,,,,,,,,,,,,
,<li>หันหัวรถลงกับทางลาดชันที่ต่ำกว่า เมื่อได้ระดับแล้วให้ปลดเกียร์ว่างดึงเบรกมือและดำเนินการต่อไปได้ตามปกติ</li>,,,,,,,,,,,,,,,,,,,,,,,,,,,,,,,,,,,,,,,,,,,,,,,,,,,,,,,,,,,,,,,,,,,,,,
,<li>ควรตั้งขาช้างข้างหน้าก่อนทุกครั้งและควรที่จะให้ล้อหลังแตะพื้นถนน ถ้าหากขาช้างข้างหน้าสูงไม่พอให้นำแผ่นรองขาช้างมาเสริมให้สูงได้</li>,,,,,,,,,,,,,,,,,,,,,,,,,,,,,,,,,,,,,,,,,,,,,,,,,,,,,,,,,,,,,,,,,,,,,,
,<li>เมื่อเสร็จงานแล้วจะเก็บขาช้างให้ดำเนินการเก็บจากด้านหลังก่อนทุกครั้งแล้วค่อยเก็บด้านหน้าที่หลังเพราะหากเก็บด้านหน้าก่อนอาจเกิดอุบัติเหตุได้</li>,,,,,,,,,,,,,,,,,,,,,,,,,,,,,,,,,,,,,,,,,,,,,,,,,,,,,,,,,,,,,,,,,,,,,,
</ol>,,,,,,,,,,,,,,,,,,,,,,,,,,,,,,,,,,,,,,,,,,,,,,,,,,,,,,,,,,,,,,,,,,,,,,,
"""",,2021-04-21 3:38:38,tips,https://token-thailand.local/tips/%e0%b8%81%e0%b8%b2%e0%b8%a3%e0%b8%88%e0%b8%ad%e0%b8%94%e0%b8%a3%e0%b8%96%e0%b8%81%e0%b8%a3%e0%b8%b0%e0%b9%80%e0%b8%8a%e0%b9%89%e0%b8%b2%e0%b8%9a%e0%b8%99%e0%b8%9e%e0%b8%b7%e0%b9%89%e0%b8%99%e0%b8%97/,2549,th,https://token-thailand.local/wp-content/uploads/2021/04/tips_dl04_t.jpg|https://token-thailand.local/wp-content/uploads/2021/04/tips_dl04_t.jpg,การจอดรถกระเช้าบนพื้นที่ลาดชัน|การจอดรถกระเช้าบนพื้นที่ลาดชัน,|,|,รถกระเช้าบนพื้นที่ลาดชัน|,,https://token-thailand.local/wp-content/uploads/2021/04/tips_dl04_t.pdf|https://token-thailand.local/wp-content/uploads/2021/04/tips_dl04_t.pdf,"{""total"":405,""to_translate"":{""ja"":405}}",,,,,,,,field_606c0899a5873,1,,,,,,,,,,publish,4,token,contact@tas-c.com,Token,Thailand,%e0%b8%81%e0%b8%b2%e0%b8%a3%e0%b8%88%e0%b8%ad%e0%b8%94%e0%b8%a3%e0%b8%96%e0%b8%81%e0%b8%a3%e0%b8%b0%e0%b9%80%e0%b8%8a%e0%b9%89%e0%b8%b2%e0%b8%9a%e0%b8%99%e0%b8%9e%e0%b8%b7%e0%b9%89%e0%b8%99%e0%b8%97,,,0,0,0,closed,closed,2022-11-03 4:45:29,,,,,,,,,,,skymaster,https://token-thailand.local/wp-content/uploads/2021/04/tips_dl04_t.jpg,https://token-thailand.local/wp-content/uploads/2021/04/tips_dl04_t.pdf,https://token-thailand.local/wp-content/uploads/2021/04/tips_dl04_t.jpg,,,,,,,,,,
2552,เซฟตี้- เรื่องความปลอดภัย,"
<h3 class=tips_sstit"">ความปลอดภัยในสถานที่ใช้งาน</h3>",,,,,,,,,,,,,,,,,,,,,,,,,,,,,,,,,,,,,,,,,,,,,,,,,,,,,,,,,,,,,,,,,,,,,
สำหรับการทำงานทางกลางแจ้งจำเป็นต้องคำนึงเกี่ยวกับสภาพแวดล้อมในสถานที่ใช้งาน ไม่ว่าจะเป็นสภาพดินฟ้าอากาศ เช่น พายุ ลมพัดแรง ฝนตกหนัก ฟ้าผ่า พื้นดินยุบตัว หรือการมีสิ่งกีดขวางอื่นๆ เช่น สายไฟฟ้า ยานพาหนะอื่นๆ ดังนั้นเพื่อป้องกันการเกิดอุบัติเหตุจึงควรมีความรู้ด้านความปลอดภัยอย่างละเอียดก่อนการใช้งาน,,,,,,,,,,,,,,,,,,,,,,,,,,,,,,,,,,,,,,,,,,,,,,,,,,,,,,,,,,,,,,,,,,,,,,,
"<h3 class=""tips_sstit"">หลีกเลี่ยงสิ่งที่อาจทำให้เกิดอุบัติเหตุ</h3>",,,,,,,,,,,,,,,,,,,,,,,,,,,,,,,,,,,,,,,,,,,,,,,,,,,,,,,,,,,,,,,,,,,,,,,
<ol>,,,,,,,,,,,,,,,,,,,,,,,,,,,,,,,,,,,,,,,,,,,,,,,,,,,,,,,,,,,,,,,,,,,,,,,
,<li>ของตกจากที่สูงทำให้พื้นข้างล่างเสียหาย</li>,,,,,,,,,,,,,,,,,,,,,,,,,,,,,,,,,,,,,,,,,,,,,,,,,,,,,,,,,,,,,,,,,,,,,,
,<li>เข้าใกล้สายไฟแรงสูงเกิน 3 เมตร</li>,,,,,,,,,,,,,,,,,,,,,,,,,,,,,,,,,,,,,,,,,,,,,,,,,,,,,,,,,,,,,,,,,,,,,,
,<li>ดินนิ่มหรือไม่แข็งแรงพอที่จะรับน้ำหนักได้</li>,,,,,,,,,,,,,,,,,,,,,,,,,,,,,,,,,,,,,,,,,,,,,,,,,,,,,,,,,,,,,,,,,,,,,,
,<li>มีลมแรงหรือพายุ</li>,,,,,,,,,,,,,,,,,,,,,,,,,,,,,,,,,,,,,,,,,,,,,,,,,,,,,,,,,,,,,,,,,,,,,,
,<li>ฟ้าแลบฟ้าร้องหรือฟ้าผ่า</li>,,,,,,,,,,,,,,,,,,,,,,,,,,,,,,,,,,,,,,,,,,,,,,,,,,,,,,,,,,,,,,,,,,,,,,
,<li>ฝนตกหนัก</li>,,,,,,,,,,,,,,,,,,,,,,,,,,,,,,,,,,,,,,,,,,,,,,,,,,,,,,,,,,,,,,,,,,,,,,
,<li>บรรทุกเกิน 200 กิโลกรัม</li>,,,,,,,,,,,,,,,,,,,,,,,,,,,,,,,,,,,,,,,,,,,,,,,,,,,,,,,,,,,,,,,,,,,,,,
,<li>ปีนป่ายจากตัวกระเช้าออกไป</li>,,,,,,,,,,,,,,,,,,,,,,,,,,,,,,,,,,,,,,,,,,,,,,,,,,,,,,,,,,,,,,,,,,,,,,
,<li>เข้าไปที่แคบหรือเตี้ยกว่าขนาดของรถ</li>,,,,,,,,,,,,,,,,,,,,,,,,,,,,,,,,,,,,,,,,,,,,,,,,,,,,,,,,,,,,,,,,,,,,,,
,<li>ฝาท่อคอนกรีตไม่แข็งแรงพอที่จะรับน้ำหนักรถ</li>,,,,,,,,,,,,,,,,,,,,,,,,,,,,,,,,,,,,,,,,,,,,,,,,,,,,,,,,,,,,,,,,,,,,,,
,<li>สนามหญ้าอาจเกิดรอยของล้อได้</li>,,,,,,,,,,,,,,,,,,,,,,,,,,,,,,,,,,,,,,,,,,,,,,,,,,,,,,,,,,,,,,,,,,,,,,
,<li>ฝาท่อที่ทำจากพลาสติกอาจจะแตกได้</li>,,,,,,,,,,,,,,,,,,,,,,,,,,,,,,,,,,,,,,,,,,,,,,,,,,,,,,,,,,,,,,,,,,,,,,
,<li>สะพานไม่แข็งแรงอาจเกิดการหักได้</li>,,,,,,,,,,,,,,,,,,,,,,,,,,,,,,,,,,,,,,,,,,,,,,,,,,,,,,,,,,,,,,,,,,,,,,
,<li>ทางวิ่งที่ขรุขระอาจทำให้ยางแตกหรือรั่วได้</li>,,,,,,,,,,,,,,,,,,,,,,,,,,,,,,,,,,,,,,,,,,,,,,,,,,,,,,,,,,,,,,,,,,,,,,
,<li>ใช้รถกระเช้ายกของแทนเครน</li>,,,,,,,,,,,,,,,,,,,,,,,,,,,,,,,,,,,,,,,,,,,,,,,,,,,,,,,,,,,,,,,,,,,,,,
</ol>,,,,,,,,,,,,,,,,,,,,,,,,,,,,,,,,,,,,,,,,,,,,,,,,,,,,,,,,,,,,,,,,,,,,,,,
"""",,2021-04-21 3:44:33,tips,https://token-thailand.local/tips/%e0%b9%80%e0%b8%8b%e0%b8%9f%e0%b8%95%e0%b8%b5%e0%b9%89-%e0%b9%80%e0%b8%a3%e0%b8%b7%e0%b9%88%e0%b8%ad%e0%b8%87%e0%b8%84%e0%b8%a7%e0%b8%b2%e0%b8%a1%e0%b8%9b%e0%b8%a5%e0%b8%ad%e0%b8%94%e0%b8%a0%e0%b8%b1/,2552,th,https://token-thailand.local/wp-content/uploads/2021/04/tips_dl05_t.jpg|https://token-thailand.local/wp-content/uploads/2021/04/tips_dl05_t.jpg,เซฟตี้- เรื่องความปลอดภัย|เซฟตี้- เรื่องความปลอดภัย,|,|,เรื่องความปลอดภัย|,,https://token-thailand.local/wp-content/uploads/2021/04/tips_dl05_t.pdf|https://token-thailand.local/wp-content/uploads/2021/04/tips_dl05_t.pdf,"{""total"":446,""to_translate"":{""ja"":446}}",,,,,,,,field_606c0899a5873,1,,,,,,,,,,publish,4,token,contact@tas-c.com,Token,Thailand,%e0%b9%80%e0%b8%8b%e0%b8%9f%e0%b8%95%e0%b8%b5%e0%b9%89-%e0%b9%80%e0%b8%a3%e0%b8%b7%e0%b9%88%e0%b8%ad%e0%b8%87%e0%b8%84%e0%b8%a7%e0%b8%b2%e0%b8%a1%e0%b8%9b%e0%b8%a5%e0%b8%ad%e0%b8%94%e0%b8%a0%e0%b8%b1,,,0,0,0,closed,closed,2022-11-03 4:45:29,,,,,,,,,,,skymaster,https://token-thailand.local/wp-content/uploads/2021/04/tips_dl05_t.jpg,https://token-thailand.local/wp-content/uploads/2021/04/tips_dl05_t.pdf,https://token-thailand.local/wp-content/uploads/2021/04/tips_dl05_t.jpg,,,,,,,,,,
2555,Skymaster-วิธีการใช้รถกระเช้า,"
<h3 class=tips_sstit"">ขั้นตอนการใช้งานรถกระเช้า Skymaster</h3>",,,,,,,,,,,,,,,,,,,,,,,,,,,,,,,,,,,,,,,,,,,,,,,,,,,,,,,,,,,,,,,,,,,,,
<ol>,,,,,,,,,,,,,,,,,,,,,,,,,,,,,,,,,,,,,,,,,,,,,,,,,,,,,,,,,,,,,,,,,,,,,,,
,<li>เกียร์ฝาก(PTO) เวลาขับรถจะต้องปิดไม่เช่นนั้นไฮโดลิคจะระเบิด</li>,,,,,,,,,,,,,,,,,,,,,,,,,,,,,,,,,,,,,,,,,,,,,,,,,,,,,,,,,,,,,,,,,,,,,,
,<li>ควรเช็คเกียร์ฝากทุกครั้งว่าทำงานหรือเปล่า</li>,,,,,,,,,,,,,,,,,,,,,,,,,,,,,,,,,,,,,,,,,,,,,,,,,,,,,,,,,,,,,,,,,,,,,,
,<li>เวลาจะกางขาช้างให้กางขาช้างข้างซ้ายและขวาแยกกันทีละฝั่ง</li>,,,,,,,,,,,,,,,,,,,,,,,,,,,,,,,,,,,,,,,,,,,,,,,,,,,,,,,,,,,,,,,,,,,,,,
,<li>เมื่อกางขาช้างแล้วควรใช้แผ่นรองทุกครั้ง</li>,,,,,,,,,,,,,,,,,,,,,,,,,,,,,,,,,,,,,,,,,,,,,,,,,,,,,,,,,,,,,,,,,,,,,,
,<li>เวลาดึงเบรคมือยางหลังถูกล๊อคยางหน้ายังสามารถขยับได้ควรตั้งขาช้างข้างหน้าก่อน</li>,,,,,,,,,,,,,,,,,,,,,,,,,,,,,,,,,,,,,,,,,,,,,,,,,,,,,,,,,,,,,,,,,,,,,,
,<li>เวลาตั้งขาช้างให้เช็คดูว่ามีไฟกระพริบรึเปล่าถ้ามีจะไม่สามารถบังคับขาช้างได้</li>,,,,,,,,,,,,,,,,,,,,,,,,,,,,,,,,,,,,,,,,,,,,,,,,,,,,,,,,,,,,,,,,,,,,,,
,"<li>ยกบูม,ยืดบูมและสวิงบูมสุดท้ายเวลาเก็บให้หดบูม,สวิงบูมและลดบูม</li>",,,,,,,,,,,,,,,,,,,,,,,,,,,,,,,,,,,,,,,,,,,,,,,,,,,,,,,,,,,,,,,,,,,,,,
,<li>ถ้าเกิดเหตุการณ์อันตรายให้กดปุ่มสีแดงถ้าลืมเปิดจะสตาร์ทไม่ติด</li>,,,,,,,,,,,,,,,,,,,,,,,,,,,,,,,,,,,,,,,,,,,,,,,,,,,,,,,,,,,,,,,,,,,,,,
,<li>กรณีที่เครื่องเสียให้ใช้มอเตอร์สำรองเก็บบูมสามารถใช้ได้ 15 วินาที ไม่เช่นนั้นอาจเกิดไฟไหม้ได้</li>,,,,,,,,,,,,,,,,,,,,,,,,,,,,,,,,,,,,,,,,,,,,,,,,,,,,,,,,,,,,,,,,,,,,,,
,<li>ถ้าเก็บบูมไม่เรียบร้อยจะไม่สามารถเก็บขาช้างได้</li>,,,,,,,,,,,,,,,,,,,,,,,,,,,,,,,,,,,,,,,,,,,,,,,,,,,,,,,,,,,,,,,,,,,,,,
,<li>หน้ารถน้ำหนักจะเยอะกว่าข้างหลังรถเวลาทำงานควรสวิงบูมไปทำด้านหลัง</li>,,,,,,,,,,,,,,,,,,,,,,,,,,,,,,,,,,,,,,,,,,,,,,,,,,,,,,,,,,,,,,,,,,,,,,
,<li>เวลาเก็บขาช้างให้เก็บจากข้างหลังก่อนแล้วค่อยเก็บด้านหน้าทีหลัง</li>,,,,,,,,,,,,,,,,,,,,,,,,,,,,,,,,,,,,,,,,,,,,,,,,,,,,,,,,,,,,,,,,,,,,,,
</ol>,,,,,,,,,,,,,,,,,,,,,,,,,,,,,,,,,,,,,,,,,,,,,,,,,,,,,,,,,,,,,,,,,,,,,,,
"""",,2021-04-21 3:46:02,tips,https://token-thailand.local/tips/skymaster-%e0%b8%a7%e0%b8%b4%e0%b8%98%e0%b8%b5%e0%b8%81%e0%b8%b2%e0%b8%a3%e0%b9%83%e0%b8%8a%e0%b9%89%e0%b8%a3%e0%b8%96%e0%b8%81%e0%b8%a3%e0%b8%b0%e0%b9%80%e0%b8%8a%e0%b9%89%e0%b8%b2/,2555,th,https://token-thailand.local/wp-content/uploads/2021/04/tips_dl06_t.jpg|https://token-thailand.local/wp-content/uploads/2021/04/tips_dl06_t.jpg,Skymaster-วิธีการใช้รถกระเช้า|Skymaster-วิธีการใช้รถกระเช้า,|,|,วิธีการใช้รถกระเช้า|,,https://token-thailand.local/wp-content/uploads/2021/04/tips_dl06_t.pdf|https://token-thailand.local/wp-content/uploads/2021/04/tips_dl06_t.pdf,"{""total"":426,""to_translate"":{""ja"":426}}",,,,,,,,field_606c0899a5873,1,,,,,,,,,,publish,4,token,contact@tas-c.com,Token,Thailand,skymaster-%e0%b8%a7%e0%b8%b4%e0%b8%98%e0%b8%b5%e0%b8%81%e0%b8%b2%e0%b8%a3%e0%b9%83%e0%b8%8a%e0%b9%89%e0%b8%a3%e0%b8%96%e0%b8%81%e0%b8%a3%e0%b8%b0%e0%b9%80%e0%b8%8a%e0%b9%89%e0%b8%b2,,,0,0,0,closed,closed,2022-11-03 4:45:29,,,,,,,,,,,skymaster,https://token-thailand.local/wp-content/uploads/2021/04/tips_dl06_t.jpg,https://token-thailand.local/wp-content/uploads/2021/04/tips_dl06_t.pdf,https://token-thailand.local/wp-content/uploads/2021/04/tips_dl06_t.jpg,,,,,,,,,,